{"donor_age_unit": "year", "biomaterial_provider": "Mathieu Lupien", "sample_ontology_uri": "http://purl.obolibrary.org/obo/UBERON_0002367", "donor_ethnicity": "NA", "molecule": "genomic DNA", "donor_health_status": "prostate cancer", "disease_ontology_uri": "http://www.ebi.ac.uk/efo/EFO_0000673", "disease": "Prostate carcinoma", "cell_type": "primary prostate cancer tissue", "donor_sex": "Male", "donor_id": "CPCG0242", "donor_life_stage": "adult", "biomaterial_type": "Primary Cell", "id": "BEL611A218", "donor_age": "44-71"}