<config ApiVersion="v2,r27" ConfigSlicerVersion="3.2.0.7">
	<ContainerTypes>
<ctp:container-type xmlns:ctp="http://genologics.com/ri/containertype" name="96 well plate">
  <is-tube>false</is-tube>
  <x-dimension>
    <is-alpha>false</is-alpha>
    <offset>1</offset>
    <size>12</size>
  </x-dimension>
  <y-dimension>
    <is-alpha>true</is-alpha>
    <offset>0</offset>
    <size>8</size>
  </y-dimension>
</ctp:container-type>
<ctp:container-type xmlns:ctp="http://genologics.com/ri/containertype" name="Strip Tube">
  <is-tube>false</is-tube>
  <x-dimension>
    <is-alpha>false</is-alpha>
    <offset>1</offset>
    <size>1</size>
  </x-dimension>
  <y-dimension>
    <is-alpha>false</is-alpha>
    <offset>1</offset>
    <size>8</size>
  </y-dimension>
</ctp:container-type>
<ctp:container-type xmlns:ctp="http://genologics.com/ri/containertype" name="Tube">
  <is-tube>true</is-tube>
  <x-dimension>
    <is-alpha>false</is-alpha>
    <offset>1</offset>
    <size>1</size>
  </x-dimension>
  <y-dimension>
    <is-alpha>false</is-alpha>
    <offset>1</offset>
    <size>1</size>
  </y-dimension>
</ctp:container-type>
	</ContainerTypes>
	<ReagentTypes>
<rtp:reagent-type xmlns:rtp="http://genologics.com/ri/reagenttype" name="BC01">
  <special-type name="Index">
    <attribute value="" name="Sequence"/>
  </special-type>
  <reagent-category>Nanopore Native Barcoding Kit:EXP-NBD196 (column 1 contains ID: 01, 02, 03, 04, 05, 06, 07, 08)</reagent-category>
</rtp:reagent-type>
<rtp:reagent-type xmlns:rtp="http://genologics.com/ri/reagenttype" name="BC02">
  <special-type name="Index">
    <attribute value="" name="Sequence"/>
  </special-type>
  <reagent-category>Nanopore Native Barcoding Kit:EXP-NBD196 (column 1 contains ID: 01, 02, 03, 04, 05, 06, 07, 08)</reagent-category>
</rtp:reagent-type>
<rtp:reagent-type xmlns:rtp="http://genologics.com/ri/reagenttype" name="BC03">
  <special-type name="Index">
    <attribute value="" name="Sequence"/>
  </special-type>
  <reagent-category>Nanopore Native Barcoding Kit:EXP-NBD196 (column 1 contains ID: 01, 02, 03, 04, 05, 06, 07, 08)</reagent-category>
</rtp:reagent-type>
<rtp:reagent-type xmlns:rtp="http://genologics.com/ri/reagenttype" name="BC04">
  <special-type name="Index">
    <attribute value="" name="Sequence"/>
  </special-type>
  <reagent-category>Nanopore Native Barcoding Kit:EXP-NBD196 (column 1 contains ID: 01, 02, 03, 04, 05, 06, 07, 08)</reagent-category>
</rtp:reagent-type>
<rtp:reagent-type xmlns:rtp="http://genologics.com/ri/reagenttype" name="BC05">
  <special-type name="Index">
    <attribute value="" name="Sequence"/>
  </special-type>
  <reagent-category>Nanopore Native Barcoding Kit:EXP-NBD196 (column 1 contains ID: 01, 02, 03, 04, 05, 06, 07, 08)</reagent-category>
</rtp:reagent-type>
<rtp:reagent-type xmlns:rtp="http://genologics.com/ri/reagenttype" name="BC06">
  <special-type name="Index">
    <attribute value="" name="Sequence"/>
  </special-type>
  <reagent-category>Nanopore Native Barcoding Kit:EXP-NBD196 (column 1 contains ID: 01, 02, 03, 04, 05, 06, 07, 08)</reagent-category>
</rtp:reagent-type>
<rtp:reagent-type xmlns:rtp="http://genologics.com/ri/reagenttype" name="BC07">
  <special-type name="Index">
    <attribute value="" name="Sequence"/>
  </special-type>
  <reagent-category>Nanopore Native Barcoding Kit:EXP-NBD196 (column 1 contains ID: 01, 02, 03, 04, 05, 06, 07, 08)</reagent-category>
</rtp:reagent-type>
<rtp:reagent-type xmlns:rtp="http://genologics.com/ri/reagenttype" name="BC08">
  <special-type name="Index">
    <attribute value="" name="Sequence"/>
  </special-type>
  <reagent-category>Nanopore Native Barcoding Kit:EXP-NBD196 (column 1 contains ID: 01, 02, 03, 04, 05, 06, 07, 08)</reagent-category>
</rtp:reagent-type>
<rtp:reagent-type xmlns:rtp="http://genologics.com/ri/reagenttype" name="BC09">
  <special-type name="Index">
    <attribute value="" name="Sequence"/>
  </special-type>
  <reagent-category>Nanopore Native Barcoding Kit:EXP-NBD196 (column 1 contains ID: 01, 02, 03, 04, 05, 06, 07, 08)</reagent-category>
</rtp:reagent-type>
<rtp:reagent-type xmlns:rtp="http://genologics.com/ri/reagenttype" name="BC10">
  <special-type name="Index">
    <attribute value="" name="Sequence"/>
  </special-type>
  <reagent-category>Nanopore Native Barcoding Kit:EXP-NBD196 (column 1 contains ID: 01, 02, 03, 04, 05, 06, 07, 08)</reagent-category>
</rtp:reagent-type>
<rtp:reagent-type xmlns:rtp="http://genologics.com/ri/reagenttype" name="BC11">
  <special-type name="Index">
    <attribute value="" name="Sequence"/>
  </special-type>
  <reagent-category>Nanopore Native Barcoding Kit:EXP-NBD196 (column 1 contains ID: 01, 02, 03, 04, 05, 06, 07, 08)</reagent-category>
</rtp:reagent-type>
<rtp:reagent-type xmlns:rtp="http://genologics.com/ri/reagenttype" name="BC12">
  <special-type name="Index">
    <attribute value="" name="Sequence"/>
  </special-type>
  <reagent-category>Nanopore Native Barcoding Kit:EXP-NBD196 (column 1 contains ID: 01, 02, 03, 04, 05, 06, 07, 08)</reagent-category>
</rtp:reagent-type>
<rtp:reagent-type xmlns:rtp="http://genologics.com/ri/reagenttype" name="BC13">
  <special-type name="Index">
    <attribute value="" name="Sequence"/>
  </special-type>
  <reagent-category>Nanopore Native Barcoding Kit:EXP-NBD196 (column 1 contains ID: 01, 02, 03, 04, 05, 06, 07, 08)</reagent-category>
</rtp:reagent-type>
<rtp:reagent-type xmlns:rtp="http://genologics.com/ri/reagenttype" name="BC14">
  <special-type name="Index">
    <attribute value="" name="Sequence"/>
  </special-type>
  <reagent-category>Nanopore Native Barcoding Kit:EXP-NBD196 (column 1 contains ID: 01, 02, 03, 04, 05, 06, 07, 08)</reagent-category>
</rtp:reagent-type>
<rtp:reagent-type xmlns:rtp="http://genologics.com/ri/reagenttype" name="BC15">
  <special-type name="Index">
    <attribute value="" name="Sequence"/>
  </special-type>
  <reagent-category>Nanopore Native Barcoding Kit:EXP-NBD196 (column 1 contains ID: 01, 02, 03, 04, 05, 06, 07, 08)</reagent-category>
</rtp:reagent-type>
<rtp:reagent-type xmlns:rtp="http://genologics.com/ri/reagenttype" name="BC16">
  <special-type name="Index">
    <attribute value="" name="Sequence"/>
  </special-type>
  <reagent-category>Nanopore Native Barcoding Kit:EXP-NBD196 (column 1 contains ID: 01, 02, 03, 04, 05, 06, 07, 08)</reagent-category>
</rtp:reagent-type>
<rtp:reagent-type xmlns:rtp="http://genologics.com/ri/reagenttype" name="BC17">
  <special-type name="Index">
    <attribute value="" name="Sequence"/>
  </special-type>
  <reagent-category>Nanopore Native Barcoding Kit:EXP-NBD196 (column 1 contains ID: 01, 02, 03, 04, 05, 06, 07, 08)</reagent-category>
</rtp:reagent-type>
<rtp:reagent-type xmlns:rtp="http://genologics.com/ri/reagenttype" name="BC18">
  <special-type name="Index">
    <attribute value="" name="Sequence"/>
  </special-type>
  <reagent-category>Nanopore Native Barcoding Kit:EXP-NBD196 (column 1 contains ID: 01, 02, 03, 04, 05, 06, 07, 08)</reagent-category>
</rtp:reagent-type>
<rtp:reagent-type xmlns:rtp="http://genologics.com/ri/reagenttype" name="BC19">
  <special-type name="Index">
    <attribute value="" name="Sequence"/>
  </special-type>
  <reagent-category>Nanopore Native Barcoding Kit:EXP-NBD196 (column 1 contains ID: 01, 02, 03, 04, 05, 06, 07, 08)</reagent-category>
</rtp:reagent-type>
<rtp:reagent-type xmlns:rtp="http://genologics.com/ri/reagenttype" name="BC20">
  <special-type name="Index">
    <attribute value="" name="Sequence"/>
  </special-type>
  <reagent-category>Nanopore Native Barcoding Kit:EXP-NBD196 (column 1 contains ID: 01, 02, 03, 04, 05, 06, 07, 08)</reagent-category>
</rtp:reagent-type>
<rtp:reagent-type xmlns:rtp="http://genologics.com/ri/reagenttype" name="BC21">
  <special-type name="Index">
    <attribute value="" name="Sequence"/>
  </special-type>
  <reagent-category>Nanopore Native Barcoding Kit:EXP-NBD196 (column 1 contains ID: 01, 02, 03, 04, 05, 06, 07, 08)</reagent-category>
</rtp:reagent-type>
<rtp:reagent-type xmlns:rtp="http://genologics.com/ri/reagenttype" name="BC22">
  <special-type name="Index">
    <attribute value="" name="Sequence"/>
  </special-type>
  <reagent-category>Nanopore Native Barcoding Kit:EXP-NBD196 (column 1 contains ID: 01, 02, 03, 04, 05, 06, 07, 08)</reagent-category>
</rtp:reagent-type>
<rtp:reagent-type xmlns:rtp="http://genologics.com/ri/reagenttype" name="BC23">
  <special-type name="Index">
    <attribute value="" name="Sequence"/>
  </special-type>
  <reagent-category>Nanopore Native Barcoding Kit:EXP-NBD196 (column 1 contains ID: 01, 02, 03, 04, 05, 06, 07, 08)</reagent-category>
</rtp:reagent-type>
<rtp:reagent-type xmlns:rtp="http://genologics.com/ri/reagenttype" name="BC24">
  <special-type name="Index">
    <attribute value="" name="Sequence"/>
  </special-type>
  <reagent-category>Nanopore Native Barcoding Kit:EXP-NBD196 (column 1 contains ID: 01, 02, 03, 04, 05, 06, 07, 08)</reagent-category>
</rtp:reagent-type>
<rtp:reagent-type xmlns:rtp="http://genologics.com/ri/reagenttype" name="BC25">
  <special-type name="Index">
    <attribute value="" name="Sequence"/>
  </special-type>
  <reagent-category>Nanopore Native Barcoding Kit:EXP-NBD196 (column 1 contains ID: 01, 02, 03, 04, 05, 06, 07, 08)</reagent-category>
</rtp:reagent-type>
<rtp:reagent-type xmlns:rtp="http://genologics.com/ri/reagenttype" name="BC26">
  <special-type name="Index">
    <attribute value="" name="Sequence"/>
  </special-type>
  <reagent-category>Nanopore Native Barcoding Kit:EXP-NBD196 (column 1 contains ID: 01, 02, 03, 04, 05, 06, 07, 08)</reagent-category>
</rtp:reagent-type>
<rtp:reagent-type xmlns:rtp="http://genologics.com/ri/reagenttype" name="BC27">
  <special-type name="Index">
    <attribute value="" name="Sequence"/>
  </special-type>
  <reagent-category>Nanopore Native Barcoding Kit:EXP-NBD196 (column 1 contains ID: 01, 02, 03, 04, 05, 06, 07, 08)</reagent-category>
</rtp:reagent-type>
<rtp:reagent-type xmlns:rtp="http://genologics.com/ri/reagenttype" name="BC28">
  <special-type name="Index">
    <attribute value="" name="Sequence"/>
  </special-type>
  <reagent-category>Nanopore Native Barcoding Kit:EXP-NBD196 (column 1 contains ID: 01, 02, 03, 04, 05, 06, 07, 08)</reagent-category>
</rtp:reagent-type>
<rtp:reagent-type xmlns:rtp="http://genologics.com/ri/reagenttype" name="BC29">
  <special-type name="Index">
    <attribute value="" name="Sequence"/>
  </special-type>
  <reagent-category>Nanopore Native Barcoding Kit:EXP-NBD196 (column 1 contains ID: 01, 02, 03, 04, 05, 06, 07, 08)</reagent-category>
</rtp:reagent-type>
<rtp:reagent-type xmlns:rtp="http://genologics.com/ri/reagenttype" name="BC30">
  <special-type name="Index">
    <attribute value="" name="Sequence"/>
  </special-type>
  <reagent-category>Nanopore Native Barcoding Kit:EXP-NBD196 (column 1 contains ID: 01, 02, 03, 04, 05, 06, 07, 08)</reagent-category>
</rtp:reagent-type>
<rtp:reagent-type xmlns:rtp="http://genologics.com/ri/reagenttype" name="BC31">
  <special-type name="Index">
    <attribute value="" name="Sequence"/>
  </special-type>
  <reagent-category>Nanopore Native Barcoding Kit:EXP-NBD196 (column 1 contains ID: 01, 02, 03, 04, 05, 06, 07, 08)</reagent-category>
</rtp:reagent-type>
<rtp:reagent-type xmlns:rtp="http://genologics.com/ri/reagenttype" name="BC32">
  <special-type name="Index">
    <attribute value="" name="Sequence"/>
  </special-type>
  <reagent-category>Nanopore Native Barcoding Kit:EXP-NBD196 (column 1 contains ID: 01, 02, 03, 04, 05, 06, 07, 08)</reagent-category>
</rtp:reagent-type>
<rtp:reagent-type xmlns:rtp="http://genologics.com/ri/reagenttype" name="BC33">
  <special-type name="Index">
    <attribute value="" name="Sequence"/>
  </special-type>
  <reagent-category>Nanopore Native Barcoding Kit:EXP-NBD196 (column 1 contains ID: 01, 02, 03, 04, 05, 06, 07, 08)</reagent-category>
</rtp:reagent-type>
<rtp:reagent-type xmlns:rtp="http://genologics.com/ri/reagenttype" name="BC34">
  <special-type name="Index">
    <attribute value="" name="Sequence"/>
  </special-type>
  <reagent-category>Nanopore Native Barcoding Kit:EXP-NBD196 (column 1 contains ID: 01, 02, 03, 04, 05, 06, 07, 08)</reagent-category>
</rtp:reagent-type>
<rtp:reagent-type xmlns:rtp="http://genologics.com/ri/reagenttype" name="BC35">
  <special-type name="Index">
    <attribute value="" name="Sequence"/>
  </special-type>
  <reagent-category>Nanopore Native Barcoding Kit:EXP-NBD196 (column 1 contains ID: 01, 02, 03, 04, 05, 06, 07, 08)</reagent-category>
</rtp:reagent-type>
<rtp:reagent-type xmlns:rtp="http://genologics.com/ri/reagenttype" name="BC36">
  <special-type name="Index">
    <attribute value="" name="Sequence"/>
  </special-type>
  <reagent-category>Nanopore Native Barcoding Kit:EXP-NBD196 (column 1 contains ID: 01, 02, 03, 04, 05, 06, 07, 08)</reagent-category>
</rtp:reagent-type>
<rtp:reagent-type xmlns:rtp="http://genologics.com/ri/reagenttype" name="BC37">
  <special-type name="Index">
    <attribute value="" name="Sequence"/>
  </special-type>
  <reagent-category>Nanopore Native Barcoding Kit:EXP-NBD196 (column 1 contains ID: 01, 02, 03, 04, 05, 06, 07, 08)</reagent-category>
</rtp:reagent-type>
<rtp:reagent-type xmlns:rtp="http://genologics.com/ri/reagenttype" name="BC38">
  <special-type name="Index">
    <attribute value="" name="Sequence"/>
  </special-type>
  <reagent-category>Nanopore Native Barcoding Kit:EXP-NBD196 (column 1 contains ID: 01, 02, 03, 04, 05, 06, 07, 08)</reagent-category>
</rtp:reagent-type>
<rtp:reagent-type xmlns:rtp="http://genologics.com/ri/reagenttype" name="BC39">
  <special-type name="Index">
    <attribute value="" name="Sequence"/>
  </special-type>
  <reagent-category>Nanopore Native Barcoding Kit:EXP-NBD196 (column 1 contains ID: 01, 02, 03, 04, 05, 06, 07, 08)</reagent-category>
</rtp:reagent-type>
<rtp:reagent-type xmlns:rtp="http://genologics.com/ri/reagenttype" name="BC40">
  <special-type name="Index">
    <attribute value="" name="Sequence"/>
  </special-type>
  <reagent-category>Nanopore Native Barcoding Kit:EXP-NBD196 (column 1 contains ID: 01, 02, 03, 04, 05, 06, 07, 08)</reagent-category>
</rtp:reagent-type>
<rtp:reagent-type xmlns:rtp="http://genologics.com/ri/reagenttype" name="BC41">
  <special-type name="Index">
    <attribute value="" name="Sequence"/>
  </special-type>
  <reagent-category>Nanopore Native Barcoding Kit:EXP-NBD196 (column 1 contains ID: 01, 02, 03, 04, 05, 06, 07, 08)</reagent-category>
</rtp:reagent-type>
<rtp:reagent-type xmlns:rtp="http://genologics.com/ri/reagenttype" name="BC42">
  <special-type name="Index">
    <attribute value="" name="Sequence"/>
  </special-type>
  <reagent-category>Nanopore Native Barcoding Kit:EXP-NBD196 (column 1 contains ID: 01, 02, 03, 04, 05, 06, 07, 08)</reagent-category>
</rtp:reagent-type>
<rtp:reagent-type xmlns:rtp="http://genologics.com/ri/reagenttype" name="BC43">
  <special-type name="Index">
    <attribute value="" name="Sequence"/>
  </special-type>
  <reagent-category>Nanopore Native Barcoding Kit:EXP-NBD196 (column 1 contains ID: 01, 02, 03, 04, 05, 06, 07, 08)</reagent-category>
</rtp:reagent-type>
<rtp:reagent-type xmlns:rtp="http://genologics.com/ri/reagenttype" name="BC44">
  <special-type name="Index">
    <attribute value="" name="Sequence"/>
  </special-type>
  <reagent-category>Nanopore Native Barcoding Kit:EXP-NBD196 (column 1 contains ID: 01, 02, 03, 04, 05, 06, 07, 08)</reagent-category>
</rtp:reagent-type>
<rtp:reagent-type xmlns:rtp="http://genologics.com/ri/reagenttype" name="BC45">
  <special-type name="Index">
    <attribute value="" name="Sequence"/>
  </special-type>
  <reagent-category>Nanopore Native Barcoding Kit:EXP-NBD196 (column 1 contains ID: 01, 02, 03, 04, 05, 06, 07, 08)</reagent-category>
</rtp:reagent-type>
<rtp:reagent-type xmlns:rtp="http://genologics.com/ri/reagenttype" name="BC46">
  <special-type name="Index">
    <attribute value="" name="Sequence"/>
  </special-type>
  <reagent-category>Nanopore Native Barcoding Kit:EXP-NBD196 (column 1 contains ID: 01, 02, 03, 04, 05, 06, 07, 08)</reagent-category>
</rtp:reagent-type>
<rtp:reagent-type xmlns:rtp="http://genologics.com/ri/reagenttype" name="BC47">
  <special-type name="Index">
    <attribute value="" name="Sequence"/>
  </special-type>
  <reagent-category>Nanopore Native Barcoding Kit:EXP-NBD196 (column 1 contains ID: 01, 02, 03, 04, 05, 06, 07, 08)</reagent-category>
</rtp:reagent-type>
<rtp:reagent-type xmlns:rtp="http://genologics.com/ri/reagenttype" name="BC48">
  <special-type name="Index">
    <attribute value="" name="Sequence"/>
  </special-type>
  <reagent-category>Nanopore Native Barcoding Kit:EXP-NBD196 (column 1 contains ID: 01, 02, 03, 04, 05, 06, 07, 08)</reagent-category>
</rtp:reagent-type>
<rtp:reagent-type xmlns:rtp="http://genologics.com/ri/reagenttype" name="BC49">
  <special-type name="Index">
    <attribute value="" name="Sequence"/>
  </special-type>
  <reagent-category>Nanopore Native Barcoding Kit:EXP-NBD196 (column 1 contains ID: 01, 02, 03, 04, 05, 06, 07, 08)</reagent-category>
</rtp:reagent-type>
<rtp:reagent-type xmlns:rtp="http://genologics.com/ri/reagenttype" name="BC50">
  <special-type name="Index">
    <attribute value="" name="Sequence"/>
  </special-type>
  <reagent-category>Nanopore Native Barcoding Kit:EXP-NBD196 (column 1 contains ID: 01, 02, 03, 04, 05, 06, 07, 08)</reagent-category>
</rtp:reagent-type>
<rtp:reagent-type xmlns:rtp="http://genologics.com/ri/reagenttype" name="BC51">
  <special-type name="Index">
    <attribute value="" name="Sequence"/>
  </special-type>
  <reagent-category>Nanopore Native Barcoding Kit:EXP-NBD196 (column 1 contains ID: 01, 02, 03, 04, 05, 06, 07, 08)</reagent-category>
</rtp:reagent-type>
<rtp:reagent-type xmlns:rtp="http://genologics.com/ri/reagenttype" name="BC52">
  <special-type name="Index">
    <attribute value="" name="Sequence"/>
  </special-type>
  <reagent-category>Nanopore Native Barcoding Kit:EXP-NBD196 (column 1 contains ID: 01, 02, 03, 04, 05, 06, 07, 08)</reagent-category>
</rtp:reagent-type>
<rtp:reagent-type xmlns:rtp="http://genologics.com/ri/reagenttype" name="BC53">
  <special-type name="Index">
    <attribute value="" name="Sequence"/>
  </special-type>
  <reagent-category>Nanopore Native Barcoding Kit:EXP-NBD196 (column 1 contains ID: 01, 02, 03, 04, 05, 06, 07, 08)</reagent-category>
</rtp:reagent-type>
<rtp:reagent-type xmlns:rtp="http://genologics.com/ri/reagenttype" name="BC54">
  <special-type name="Index">
    <attribute value="" name="Sequence"/>
  </special-type>
  <reagent-category>Nanopore Native Barcoding Kit:EXP-NBD196 (column 1 contains ID: 01, 02, 03, 04, 05, 06, 07, 08)</reagent-category>
</rtp:reagent-type>
<rtp:reagent-type xmlns:rtp="http://genologics.com/ri/reagenttype" name="BC55">
  <special-type name="Index">
    <attribute value="" name="Sequence"/>
  </special-type>
  <reagent-category>Nanopore Native Barcoding Kit:EXP-NBD196 (column 1 contains ID: 01, 02, 03, 04, 05, 06, 07, 08)</reagent-category>
</rtp:reagent-type>
<rtp:reagent-type xmlns:rtp="http://genologics.com/ri/reagenttype" name="BC56">
  <special-type name="Index">
    <attribute value="" name="Sequence"/>
  </special-type>
  <reagent-category>Nanopore Native Barcoding Kit:EXP-NBD196 (column 1 contains ID: 01, 02, 03, 04, 05, 06, 07, 08)</reagent-category>
</rtp:reagent-type>
<rtp:reagent-type xmlns:rtp="http://genologics.com/ri/reagenttype" name="BC57">
  <special-type name="Index">
    <attribute value="" name="Sequence"/>
  </special-type>
  <reagent-category>Nanopore Native Barcoding Kit:EXP-NBD196 (column 1 contains ID: 01, 02, 03, 04, 05, 06, 07, 08)</reagent-category>
</rtp:reagent-type>
<rtp:reagent-type xmlns:rtp="http://genologics.com/ri/reagenttype" name="BC58">
  <special-type name="Index">
    <attribute value="" name="Sequence"/>
  </special-type>
  <reagent-category>Nanopore Native Barcoding Kit:EXP-NBD196 (column 1 contains ID: 01, 02, 03, 04, 05, 06, 07, 08)</reagent-category>
</rtp:reagent-type>
<rtp:reagent-type xmlns:rtp="http://genologics.com/ri/reagenttype" name="BC59">
  <special-type name="Index">
    <attribute value="" name="Sequence"/>
  </special-type>
  <reagent-category>Nanopore Native Barcoding Kit:EXP-NBD196 (column 1 contains ID: 01, 02, 03, 04, 05, 06, 07, 08)</reagent-category>
</rtp:reagent-type>
<rtp:reagent-type xmlns:rtp="http://genologics.com/ri/reagenttype" name="BC60">
  <special-type name="Index">
    <attribute value="" name="Sequence"/>
  </special-type>
  <reagent-category>Nanopore Native Barcoding Kit:EXP-NBD196 (column 1 contains ID: 01, 02, 03, 04, 05, 06, 07, 08)</reagent-category>
</rtp:reagent-type>
<rtp:reagent-type xmlns:rtp="http://genologics.com/ri/reagenttype" name="BC61">
  <special-type name="Index">
    <attribute value="" name="Sequence"/>
  </special-type>
  <reagent-category>Nanopore Native Barcoding Kit:EXP-NBD196 (column 1 contains ID: 01, 02, 03, 04, 05, 06, 07, 08)</reagent-category>
</rtp:reagent-type>
<rtp:reagent-type xmlns:rtp="http://genologics.com/ri/reagenttype" name="BC62">
  <special-type name="Index">
    <attribute value="" name="Sequence"/>
  </special-type>
  <reagent-category>Nanopore Native Barcoding Kit:EXP-NBD196 (column 1 contains ID: 01, 02, 03, 04, 05, 06, 07, 08)</reagent-category>
</rtp:reagent-type>
<rtp:reagent-type xmlns:rtp="http://genologics.com/ri/reagenttype" name="BC63">
  <special-type name="Index">
    <attribute value="" name="Sequence"/>
  </special-type>
  <reagent-category>Nanopore Native Barcoding Kit:EXP-NBD196 (column 1 contains ID: 01, 02, 03, 04, 05, 06, 07, 08)</reagent-category>
</rtp:reagent-type>
<rtp:reagent-type xmlns:rtp="http://genologics.com/ri/reagenttype" name="BC64">
  <special-type name="Index">
    <attribute value="" name="Sequence"/>
  </special-type>
  <reagent-category>Nanopore Native Barcoding Kit:EXP-NBD196 (column 1 contains ID: 01, 02, 03, 04, 05, 06, 07, 08)</reagent-category>
</rtp:reagent-type>
<rtp:reagent-type xmlns:rtp="http://genologics.com/ri/reagenttype" name="BC65">
  <special-type name="Index">
    <attribute value="" name="Sequence"/>
  </special-type>
  <reagent-category>Nanopore Native Barcoding Kit:EXP-NBD196 (column 1 contains ID: 01, 02, 03, 04, 05, 06, 07, 08)</reagent-category>
</rtp:reagent-type>
<rtp:reagent-type xmlns:rtp="http://genologics.com/ri/reagenttype" name="BC66">
  <special-type name="Index">
    <attribute value="" name="Sequence"/>
  </special-type>
  <reagent-category>Nanopore Native Barcoding Kit:EXP-NBD196 (column 1 contains ID: 01, 02, 03, 04, 05, 06, 07, 08)</reagent-category>
</rtp:reagent-type>
<rtp:reagent-type xmlns:rtp="http://genologics.com/ri/reagenttype" name="BC67">
  <special-type name="Index">
    <attribute value="" name="Sequence"/>
  </special-type>
  <reagent-category>Nanopore Native Barcoding Kit:EXP-NBD196 (column 1 contains ID: 01, 02, 03, 04, 05, 06, 07, 08)</reagent-category>
</rtp:reagent-type>
<rtp:reagent-type xmlns:rtp="http://genologics.com/ri/reagenttype" name="BC68">
  <special-type name="Index">
    <attribute value="" name="Sequence"/>
  </special-type>
  <reagent-category>Nanopore Native Barcoding Kit:EXP-NBD196 (column 1 contains ID: 01, 02, 03, 04, 05, 06, 07, 08)</reagent-category>
</rtp:reagent-type>
<rtp:reagent-type xmlns:rtp="http://genologics.com/ri/reagenttype" name="BC69">
  <special-type name="Index">
    <attribute value="" name="Sequence"/>
  </special-type>
  <reagent-category>Nanopore Native Barcoding Kit:EXP-NBD196 (column 1 contains ID: 01, 02, 03, 04, 05, 06, 07, 08)</reagent-category>
</rtp:reagent-type>
<rtp:reagent-type xmlns:rtp="http://genologics.com/ri/reagenttype" name="BC70">
  <special-type name="Index">
    <attribute value="" name="Sequence"/>
  </special-type>
  <reagent-category>Nanopore Native Barcoding Kit:EXP-NBD196 (column 1 contains ID: 01, 02, 03, 04, 05, 06, 07, 08)</reagent-category>
</rtp:reagent-type>
<rtp:reagent-type xmlns:rtp="http://genologics.com/ri/reagenttype" name="BC71">
  <special-type name="Index">
    <attribute value="" name="Sequence"/>
  </special-type>
  <reagent-category>Nanopore Native Barcoding Kit:EXP-NBD196 (column 1 contains ID: 01, 02, 03, 04, 05, 06, 07, 08)</reagent-category>
</rtp:reagent-type>
<rtp:reagent-type xmlns:rtp="http://genologics.com/ri/reagenttype" name="BC72">
  <special-type name="Index">
    <attribute value="" name="Sequence"/>
  </special-type>
  <reagent-category>Nanopore Native Barcoding Kit:EXP-NBD196 (column 1 contains ID: 01, 02, 03, 04, 05, 06, 07, 08)</reagent-category>
</rtp:reagent-type>
<rtp:reagent-type xmlns:rtp="http://genologics.com/ri/reagenttype" name="BC73">
  <special-type name="Index">
    <attribute value="" name="Sequence"/>
  </special-type>
  <reagent-category>Nanopore Native Barcoding Kit:EXP-NBD196 (column 1 contains ID: 01, 02, 03, 04, 05, 06, 07, 08)</reagent-category>
</rtp:reagent-type>
<rtp:reagent-type xmlns:rtp="http://genologics.com/ri/reagenttype" name="BC74">
  <special-type name="Index">
    <attribute value="" name="Sequence"/>
  </special-type>
  <reagent-category>Nanopore Native Barcoding Kit:EXP-NBD196 (column 1 contains ID: 01, 02, 03, 04, 05, 06, 07, 08)</reagent-category>
</rtp:reagent-type>
<rtp:reagent-type xmlns:rtp="http://genologics.com/ri/reagenttype" name="BC75">
  <special-type name="Index">
    <attribute value="" name="Sequence"/>
  </special-type>
  <reagent-category>Nanopore Native Barcoding Kit:EXP-NBD196 (column 1 contains ID: 01, 02, 03, 04, 05, 06, 07, 08)</reagent-category>
</rtp:reagent-type>
<rtp:reagent-type xmlns:rtp="http://genologics.com/ri/reagenttype" name="BC76">
  <special-type name="Index">
    <attribute value="" name="Sequence"/>
  </special-type>
  <reagent-category>Nanopore Native Barcoding Kit:EXP-NBD196 (column 1 contains ID: 01, 02, 03, 04, 05, 06, 07, 08)</reagent-category>
</rtp:reagent-type>
<rtp:reagent-type xmlns:rtp="http://genologics.com/ri/reagenttype" name="BC77">
  <special-type name="Index">
    <attribute value="" name="Sequence"/>
  </special-type>
  <reagent-category>Nanopore Native Barcoding Kit:EXP-NBD196 (column 1 contains ID: 01, 02, 03, 04, 05, 06, 07, 08)</reagent-category>
</rtp:reagent-type>
<rtp:reagent-type xmlns:rtp="http://genologics.com/ri/reagenttype" name="BC78">
  <special-type name="Index">
    <attribute value="" name="Sequence"/>
  </special-type>
  <reagent-category>Nanopore Native Barcoding Kit:EXP-NBD196 (column 1 contains ID: 01, 02, 03, 04, 05, 06, 07, 08)</reagent-category>
</rtp:reagent-type>
<rtp:reagent-type xmlns:rtp="http://genologics.com/ri/reagenttype" name="BC79">
  <special-type name="Index">
    <attribute value="" name="Sequence"/>
  </special-type>
  <reagent-category>Nanopore Native Barcoding Kit:EXP-NBD196 (column 1 contains ID: 01, 02, 03, 04, 05, 06, 07, 08)</reagent-category>
</rtp:reagent-type>
<rtp:reagent-type xmlns:rtp="http://genologics.com/ri/reagenttype" name="BC80">
  <special-type name="Index">
    <attribute value="" name="Sequence"/>
  </special-type>
  <reagent-category>Nanopore Native Barcoding Kit:EXP-NBD196 (column 1 contains ID: 01, 02, 03, 04, 05, 06, 07, 08)</reagent-category>
</rtp:reagent-type>
<rtp:reagent-type xmlns:rtp="http://genologics.com/ri/reagenttype" name="BC81">
  <special-type name="Index">
    <attribute value="" name="Sequence"/>
  </special-type>
  <reagent-category>Nanopore Native Barcoding Kit:EXP-NBD196 (column 1 contains ID: 01, 02, 03, 04, 05, 06, 07, 08)</reagent-category>
</rtp:reagent-type>
<rtp:reagent-type xmlns:rtp="http://genologics.com/ri/reagenttype" name="BC82">
  <special-type name="Index">
    <attribute value="" name="Sequence"/>
  </special-type>
  <reagent-category>Nanopore Native Barcoding Kit:EXP-NBD196 (column 1 contains ID: 01, 02, 03, 04, 05, 06, 07, 08)</reagent-category>
</rtp:reagent-type>
<rtp:reagent-type xmlns:rtp="http://genologics.com/ri/reagenttype" name="BC83">
  <special-type name="Index">
    <attribute value="" name="Sequence"/>
  </special-type>
  <reagent-category>Nanopore Native Barcoding Kit:EXP-NBD196 (column 1 contains ID: 01, 02, 03, 04, 05, 06, 07, 08)</reagent-category>
</rtp:reagent-type>
<rtp:reagent-type xmlns:rtp="http://genologics.com/ri/reagenttype" name="BC84">
  <special-type name="Index">
    <attribute value="" name="Sequence"/>
  </special-type>
  <reagent-category>Nanopore Native Barcoding Kit:EXP-NBD196 (column 1 contains ID: 01, 02, 03, 04, 05, 06, 07, 08)</reagent-category>
</rtp:reagent-type>
<rtp:reagent-type xmlns:rtp="http://genologics.com/ri/reagenttype" name="BC85">
  <special-type name="Index">
    <attribute value="" name="Sequence"/>
  </special-type>
  <reagent-category>Nanopore Native Barcoding Kit:EXP-NBD196 (column 1 contains ID: 01, 02, 03, 04, 05, 06, 07, 08)</reagent-category>
</rtp:reagent-type>
<rtp:reagent-type xmlns:rtp="http://genologics.com/ri/reagenttype" name="BC86">
  <special-type name="Index">
    <attribute value="" name="Sequence"/>
  </special-type>
  <reagent-category>Nanopore Native Barcoding Kit:EXP-NBD196 (column 1 contains ID: 01, 02, 03, 04, 05, 06, 07, 08)</reagent-category>
</rtp:reagent-type>
<rtp:reagent-type xmlns:rtp="http://genologics.com/ri/reagenttype" name="BC87">
  <special-type name="Index">
    <attribute value="" name="Sequence"/>
  </special-type>
  <reagent-category>Nanopore Native Barcoding Kit:EXP-NBD196 (column 1 contains ID: 01, 02, 03, 04, 05, 06, 07, 08)</reagent-category>
</rtp:reagent-type>
<rtp:reagent-type xmlns:rtp="http://genologics.com/ri/reagenttype" name="BC88">
  <special-type name="Index">
    <attribute value="" name="Sequence"/>
  </special-type>
  <reagent-category>Nanopore Native Barcoding Kit:EXP-NBD196 (column 1 contains ID: 01, 02, 03, 04, 05, 06, 07, 08)</reagent-category>
</rtp:reagent-type>
<rtp:reagent-type xmlns:rtp="http://genologics.com/ri/reagenttype" name="BC89">
  <special-type name="Index">
    <attribute value="" name="Sequence"/>
  </special-type>
  <reagent-category>Nanopore Native Barcoding Kit:EXP-NBD196 (column 1 contains ID: 01, 02, 03, 04, 05, 06, 07, 08)</reagent-category>
</rtp:reagent-type>
<rtp:reagent-type xmlns:rtp="http://genologics.com/ri/reagenttype" name="BC90">
  <special-type name="Index">
    <attribute value="" name="Sequence"/>
  </special-type>
  <reagent-category>Nanopore Native Barcoding Kit:EXP-NBD196 (column 1 contains ID: 01, 02, 03, 04, 05, 06, 07, 08)</reagent-category>
</rtp:reagent-type>
<rtp:reagent-type xmlns:rtp="http://genologics.com/ri/reagenttype" name="BC91">
  <special-type name="Index">
    <attribute value="" name="Sequence"/>
  </special-type>
  <reagent-category>Nanopore Native Barcoding Kit:EXP-NBD196 (column 1 contains ID: 01, 02, 03, 04, 05, 06, 07, 08)</reagent-category>
</rtp:reagent-type>
<rtp:reagent-type xmlns:rtp="http://genologics.com/ri/reagenttype" name="BC92">
  <special-type name="Index">
    <attribute value="" name="Sequence"/>
  </special-type>
  <reagent-category>Nanopore Native Barcoding Kit:EXP-NBD196 (column 1 contains ID: 01, 02, 03, 04, 05, 06, 07, 08)</reagent-category>
</rtp:reagent-type>
<rtp:reagent-type xmlns:rtp="http://genologics.com/ri/reagenttype" name="BC93">
  <special-type name="Index">
    <attribute value="" name="Sequence"/>
  </special-type>
  <reagent-category>Nanopore Native Barcoding Kit:EXP-NBD196 (column 1 contains ID: 01, 02, 03, 04, 05, 06, 07, 08)</reagent-category>
</rtp:reagent-type>
<rtp:reagent-type xmlns:rtp="http://genologics.com/ri/reagenttype" name="BC94">
  <special-type name="Index">
    <attribute value="" name="Sequence"/>
  </special-type>
  <reagent-category>Nanopore Native Barcoding Kit:EXP-NBD196 (column 1 contains ID: 01, 02, 03, 04, 05, 06, 07, 08)</reagent-category>
</rtp:reagent-type>
<rtp:reagent-type xmlns:rtp="http://genologics.com/ri/reagenttype" name="BC95">
  <special-type name="Index">
    <attribute value="" name="Sequence"/>
  </special-type>
  <reagent-category>Nanopore Native Barcoding Kit:EXP-NBD196 (column 1 contains ID: 01, 02, 03, 04, 05, 06, 07, 08)</reagent-category>
</rtp:reagent-type>
<rtp:reagent-type xmlns:rtp="http://genologics.com/ri/reagenttype" name="BC96">
  <special-type name="Index">
    <attribute value="" name="Sequence"/>
  </special-type>
  <reagent-category>Nanopore Native Barcoding Kit:EXP-NBD196 (column 1 contains ID: 01, 02, 03, 04, 05, 06, 07, 08)</reagent-category>
</rtp:reagent-type>
<rtp:reagent-type xmlns:rtp="http://genologics.com/ri/reagenttype" name="NoIndex">
  <special-type name="Index">
    <attribute value="NoIndex" name="Sequence"/>
  </special-type>
  <reagent-category>NoIndex</reagent-category>
</rtp:reagent-type>
	</ReagentTypes>
	<AnalyteUDFs>
<cnf:field xmlns:cnf="http://genologics.com/ri/configuration" type="String">
  <name>Final Size selection</name>
  <attach-to-name>Analyte</attach-to-name>
  <show-in-lablink>false</show-in-lablink>
  <allow-non-preset-values>true</allow-non-preset-values>
  <first-preset-is-default-value>false</first-preset-is-default-value>
  <is-editable>true</is-editable>
  <preset>None</preset>
  <preset>SPRI Beads 0.5x</preset>
  <preset>SPRI Beads 1x</preset>
  <is-required>true</is-required>
  <attach-to-category/>
</cnf:field>
<cnf:field xmlns:cnf="http://genologics.com/ri/configuration" type="Numeric">
  <name>Fragment Size (kbp)</name>
  <attach-to-name>Analyte</attach-to-name>
  <show-in-lablink>false</show-in-lablink>
  <allow-non-preset-values>true</allow-non-preset-values>
  <first-preset-is-default-value>false</first-preset-is-default-value>
  <is-editable>true</is-editable>
  <is-required>false</is-required>
  <attach-to-category/>
</cnf:field>
<cnf:field xmlns:cnf="http://genologics.com/ri/configuration" type="Boolean">
  <name>Go To Next Step</name>
  <attach-to-name>Analyte</attach-to-name>
  <show-in-lablink>true</show-in-lablink>
  <allow-non-preset-values>true</allow-non-preset-values>
  <first-preset-is-default-value>true</first-preset-is-default-value>
  <is-editable>true</is-editable>
  <preset>False</preset>
  <preset>True</preset>
  <is-required>false</is-required>
  <attach-to-category/>
</cnf:field>
<cnf:field xmlns:cnf="http://genologics.com/ri/configuration" type="Numeric">
  <name>Library Volume (ul)</name>
  <attach-to-name>Analyte</attach-to-name>
  <precision>2</precision>
  <show-in-lablink>true</show-in-lablink>
  <allow-non-preset-values>true</allow-non-preset-values>
  <first-preset-is-default-value>false</first-preset-is-default-value>
  <is-editable>true</is-editable>
  <preset>50</preset>
  <is-required>true</is-required>
  <attach-to-category/>
</cnf:field>
<cnf:field xmlns:cnf="http://genologics.com/ri/configuration" type="String">
  <name>Pooling Group</name>
  <attach-to-name>Analyte</attach-to-name>
  <show-in-lablink>true</show-in-lablink>
  <allow-non-preset-values>true</allow-non-preset-values>
  <first-preset-is-default-value>false</first-preset-is-default-value>
  <is-editable>true</is-editable>
  <is-required>true</is-required>
  <attach-to-category/>
</cnf:field>
<cnf:field xmlns:cnf="http://genologics.com/ri/configuration" type="String">
  <name>Short Read Elimination</name>
  <attach-to-name>Analyte</attach-to-name>
  <show-in-lablink>false</show-in-lablink>
  <allow-non-preset-values>true</allow-non-preset-values>
  <first-preset-is-default-value>false</first-preset-is-default-value>
  <is-editable>true</is-editable>
  <preset>None</preset>
  <preset>Circulomics SRE 10Kb Kit</preset>
  <preset>Circulomics SRE 25Kb Kit</preset>
  <is-required>true</is-required>
  <attach-to-category/>
</cnf:field>
	</AnalyteUDFs>
	<ProcessTypes>
<ptp:process-type xmlns:ptp="http://genologics.com/ri/processtype" name="Oxford Nanopore DNASeq">
  <field-definition name="Adapter Ligation Enzyme"/>
  <field-definition name="Barcode Ligation Enzyme"/>
  <field-definition name="Comment"/>
  <field-definition name="DNA input (ng)"/>
  <field-definition name="Date"/>
  <field-definition name="Index Placement Guide"/>
  <field-definition name="Kit Name"/>
  <field-definition name="Size Selection Method"/>
  <process-input>
    <artifact-type>Analyte</artifact-type>
    <display-name>Analyte</display-name>
  </process-input>
  <process-output>
    <artifact-type>Analyte</artifact-type>
    <display-name>Analyte</display-name>
    <output-generation-type>PerInput</output-generation-type>
    <variability-type>Fixed</variability-type>
    <number-of-outputs>1</number-of-outputs>
    <output-name>{InputItemName}-{AppliedReagentLabels}</output-name>
  </process-output>
  <process-type-attribute name="ContextCode">NAN</process-type-attribute>
  <process-type-attribute name="Enabled">true</process-type-attribute>
  <process-type-attribute name="Family">AddMultipleReagents</process-type-attribute>
  <process-type-attribute name="OutputContextCode">NA</process-type-attribute>
  <permitted-containers>
    <container-type name="96 well plate"/>
    <container-type name="Strip Tube"/>
    <container-type name="Tube"/>
  </permitted-containers>
  <permitted-reagent-categories>
    <reagent-category>Nanopore Native Barcoding Kit:EXP-NBD196 (column 1 contains ID: 01, 02, 03, 04, 05, 06, 07, 08)</reagent-category>
    <reagent-category>NoIndex</reagent-category>
  </permitted-reagent-categories>
  <required-reagent-kits/>
  <permitted-control-types/>
  <permitted-instrument-types/>
  <queue-fields/>
  <ice-bucket-fields/>
  <step-fields>
    <step-field style="USER_DEFINED" attach-to="AddMultipleReagents" name="Comment"/>
    <step-field style="USER_DEFINED" attach-to="AddMultipleReagents" name="DNA input (ng)"/>
    <step-field style="USER_DEFINED" attach-to="AddMultipleReagents" name="Date"/>
    <step-field style="USER_DEFINED" attach-to="AddMultipleReagents" name="Index Placement Guide"/>
    <step-field style="USER_DEFINED" attach-to="AddMultipleReagents" name="Kit Name"/>
  </step-fields>
  <sample-fields>
    <sample-field style="BUILT_IN" attach-to="Container" name="Container Name"/>
    <sample-field style="USER_DEFINED" attach-to="Analyte" name="Final Size selection"/>
    <sample-field style="USER_DEFINED" attach-to="Analyte" name="Fragment Size (kbp)"/>
    <sample-field style="BUILT_IN" attach-to="Project" name="LIMS ID (Project)"/>
    <sample-field style="USER_DEFINED" attach-to="Analyte" name="Library Volume (ul)"/>
    <sample-field style="USER_DEFINED" attach-to="Analyte" name="Short Read Elimination"/>
    <sample-field style="BUILT_IN" attach-to="Container" name="Well"/>
  </sample-fields>
  <step-properties>
    <step-property value="false" name="attemptAutoPlacement"/>
    <step-property value="false" name="qcProtocolStep"/>
    <step-property value="true" name="expandContainerGroupsCheckBox"/>
    <step-property value="column" name="recordDetailsMultiwellSortOrder"/>
    <step-property value="false" name="placementSkipAlternatingRows"/>
    <step-property value="false" name="placementSkipAlternatingColumns"/>
    <step-property value="column" name="placementDefaultPattern"/>
    <step-property value="projectGroup" name="placementDefaultGrouping"/>
    <step-property value="column" name="placementMultiwellSortOrder"/>
  </step-properties>
  <epp-triggers/>
</ptp:process-type>
<ptp:process-type xmlns:ptp="http://genologics.com/ri/processtype" name="Sample Normalization Robot">
  <field-definition name="9th plate offset"/>
  <field-definition name="Concentration from"/>
  <field-definition name="Controls"/>
  <field-definition name="Destination Concentration (ng/ul)"/>
  <field-definition name="Destination Volume (ul)"/>
  <field-definition name="KapaTag Cycle"/>
  <field-definition name="KapaTag Randomization Method"/>
  <field-definition name="Quantity (ng)"/>
  <field-definition name="Target"/>
  <field-definition name="Threshold, ng/ul"/>
  <field-definition name="VolCtrl"/>
  <parameter name="0. Print barcodes">
    <string>bash -c "/usr/bin/python3.5  /opt/gls/clarity/customextensions/Common/create_barcodes_csv.py   -stepURI_v2={stepURI:v2}   -user={username} -psw={password}  &gt; /opt/gls/clarity/ai/temp/barcodes_tmp.csv  &amp;&amp;   /usr/bin/python3.5 /opt/gls/clarity/customextensions/print_zebra_test_3_am.py  /opt/gls/clarity/ai/temp/barcodes_tmp.csv &gt;  /opt/gls/clarity/ai/temp/barcodes_print_output.txt  " 
</string>
    <run-program-per-event>false</run-program-per-event>
    <channel>limsserver</channel>
    <invocation-type>PostProcess</invocation-type>
  </parameter>
  <parameter name="1. Normalize samples">
    <string>bash -c -l "/usr/bin/python3.5 /opt/gls/clarity/customextensions/Common/concentration_normalization_sorted_robot.py   -stepURI_v2={stepURI:v2}   -user_psw={username}:{password}  -ar=Analyte  -ComponentLuids='{compoundOutputFileLuids}'   &gt; {compoundOutputFileLuid0}_for_robot.csv"</string>
    <run-program-per-event>false</run-program-per-event>
    <channel>limsserver</channel>
    <invocation-type>PostProcess</invocation-type>
  </parameter>
  <parameter name="2. Generate KapaTag file for robot">
    <string>bash -c -l "/usr/bin/python3.5 /opt/gls/clarity/customextensions/Common/generate_kapatag_csv_file.py -u {username} -p {password} -s {stepURI:v2}  -t /opt/gls/clarity/customextensions/Templates/20161118_96_Spike_in_Tags.csv &gt; {compoundOutputFileLuid4}_kapatag_for_robot.csv"</string>
    <run-program-per-event>false</run-program-per-event>
    <channel>limsserver</channel>
    <invocation-type>PostProcess</invocation-type>
  </parameter>
  <parameter name="2. Route samples">
    <string>bash -l -c "/opt/gls/clarity/bin/java -jar /opt/gls/clarity/extensions/ngs-common/v5/EPP/ngs-extensions.jar -i {stepURI:v2:http} -u {username} -p {password} script:evaluateDynamicExpression -t true -h false -exp 'nextStep = ::ADVANCE::'  -log {compoundOutputFileLuid2}"</string>
    <run-program-per-event>false</run-program-per-event>
    <channel>limsserver</channel>
    <invocation-type>PostProcess</invocation-type>
  </parameter>
  <parameter name="3. Route by python">
    <string>bash -c "/usr/bin/python /opt/gls/clarity/customextensions/Common/route_by_template.py -u {username} -p {password} -s {stepURI:v2} -r 'Go To Next Step,False,Affymetrix Axiom Genotyping McGill 1.0,DNA Amplification McGill 1.1\nGo To Next Step,True,Sample Normalization,Sample Normalization Extra Plate' -l {compoundOutputFileLuid0}"</string>
    <run-program-per-event>false</run-program-per-event>
    <channel>limsserver</channel>
    <invocation-type>PostProcess</invocation-type>
  </parameter>
  <parameter name="AutoPlacement">
    <string>/usr/bin/python /opt/gls/clarity/customextensions/Common/autoplaceSamplesDefaultMulti.py -l {processLuid} -u {username} -p {password} -s {stepURI:v2}</string>
    <run-program-per-event>false</run-program-per-event>
    <channel>limsserver</channel>
    <invocation-type>PostProcess</invocation-type>
  </parameter>
  <parameter name="Control Placement with LeftOver">
    <string>bash -c -l "/usr/bin/python /opt/gls/clarity/customextensions/Common/autoplace_controls_leftover.py  -u {username} -p {password} -s {stepURI:v2} --placementtemplate /opt/gls/clarity/ai/temp/norm_template.csv --containertype '96 well plate'  &gt; /opt/gls/clarity/ai/temp/sample_normalization_log.txt"</string>
    <run-program-per-event>false</run-program-per-event>
    <channel>limsserver</channel>
    <invocation-type>PostProcess</invocation-type>
  </parameter>
  <parameter name="Copy KapaTag Cycle">
    <string>bash -c -l "/usr/bin/python3.5  /opt/gls/clarity/customextensions/Common/kapatag_cycle_update.py  -s {stepURI:v2}   -u {username} -p {password} -a read"</string>
    <run-program-per-event>false</run-program-per-event>
    <channel>limsserver</channel>
    <invocation-type>PostProcess</invocation-type>
  </parameter>
  <parameter name="Update KapaTag Cycle">
    <string>bash -c -l "/usr/bin/python3.5  /opt/gls/clarity/customextensions/Common/kapatag_cycle_update.py  -s {stepURI:v2}   -u {username} -p {password} -a update"</string>
    <run-program-per-event>false</run-program-per-event>
    <channel>limsserver</channel>
    <invocation-type>PostProcess</invocation-type>
  </parameter>
  <parameter name="copy input sample info">
    <string>bash -l -c "/opt/gls/clarity/bin/java -jar /opt/gls/clarity/extensions/ngs-common/v5/EPP/ngs-extensions.jar -i {stepURI:v2:http} -u {username} -p {password} script:evaluateDynamicExpression -t false -h false -exp 'output.::Volume (uL):: = input.::Volume::; ' -log {compoundOutputFileLuid1}"</string>
    <run-program-per-event>false</run-program-per-event>
    <channel>limsserver</channel>
    <invocation-type>PostProcess</invocation-type>
  </parameter>
  <process-input>
    <artifact-type>Analyte</artifact-type>
    <display-name>Analyte</display-name>
    <remove-working-flag>false</remove-working-flag>
  </process-input>
  <process-output>
    <artifact-type>Analyte</artifact-type>
    <display-name>Analyte</display-name>
    <output-generation-type>PerInput</output-generation-type>
    <variability-type>VariableByInput</variability-type>
    <output-name>{InputItemName}</output-name>
    <field-definition name="Go To Next Step"/>
    <field-definition name="Pooling Group"/>
    <assign-working-flag>true</assign-working-flag>
  </process-output>
  <process-output>
    <artifact-type>ResultFile</artifact-type>
    <display-name>ResultFile</display-name>
    <output-generation-type>PerAllInputs</output-generation-type>
    <variability-type>Fixed</variability-type>
    <number-of-outputs>5</number-of-outputs>
    <output-name>{LIST:CSV file for robot,Log file,CSV mapping file,CSV file for manual,KapaTag CSV file for robot }</output-name>
  </process-output>
  <process-type-attribute name="ConsumeVolume">true</process-type-attribute>
  <process-type-attribute name="ContextCode">SAM</process-type-attribute>
  <process-type-attribute name="Enabled">true</process-type-attribute>
  <process-type-attribute name="Family">Configured</process-type-attribute>
  <process-type-attribute name="InheritsQC">false</process-type-attribute>
  <process-type-attribute name="ModifyInputOutput">All</process-type-attribute>
  <process-type-attribute name="OnlyEnableDoneAtLastPanel">false</process-type-attribute>
  <process-type-attribute name="OutputContextCode">SA</process-type-attribute>
  <process-type-attribute name="OutputSorting">Input LIMS ID</process-type-attribute>
  <process-type-attribute name="ProcessGroup">Configured Processes</process-type-attribute>
  <process-type-attribute name="ProcessTabView">Use the default display</process-type-attribute>
  <process-type-attribute name="QCAdjustmentType">None</process-type-attribute>
  <process-type-attribute name="SkipInputPanel">false</process-type-attribute>
  <process-type-attribute name="VolumeAdjustmentType">None</process-type-attribute>
  <permitted-containers/>
  <permitted-reagent-categories/>
  <required-reagent-kits/>
  <permitted-control-types/>
  <permitted-instrument-types/>
  <queue-fields/>
  <ice-bucket-fields/>
  <step-fields/>
  <sample-fields/>
  <step-properties>
    <step-property value="row" name="placementDefaultPattern"/>
  </step-properties>
  <epp-triggers/>
</ptp:process-type>
	</ProcessTypes>
	<ProcessTypeUDFs>
<cnf:field xmlns:cnf="http://genologics.com/ri/configuration" type="String">
  <name>Adapter Ligation Enzyme</name>
  <attach-to-name>Oxford Nanopore DNASeq</attach-to-name>
  <show-in-lablink>false</show-in-lablink>
  <allow-non-preset-values>true</allow-non-preset-values>
  <first-preset-is-default-value>true</first-preset-is-default-value>
  <is-editable>true</is-editable>
  <preset>a</preset>
  <preset>b</preset>
  <is-required>true</is-required>
  <attach-to-category>ProcessType</attach-to-category>
</cnf:field>
<cnf:field xmlns:cnf="http://genologics.com/ri/configuration" type="String">
  <name>Barcode Ligation Enzyme</name>
  <attach-to-name>Oxford Nanopore DNASeq</attach-to-name>
  <show-in-lablink>false</show-in-lablink>
  <allow-non-preset-values>true</allow-non-preset-values>
  <first-preset-is-default-value>true</first-preset-is-default-value>
  <is-editable>true</is-editable>
  <preset>a</preset>
  <preset>b</preset>
  <is-required>true</is-required>
  <attach-to-category>ProcessType</attach-to-category>
</cnf:field>
<cnf:field xmlns:cnf="http://genologics.com/ri/configuration" type="Text">
  <name>Comment</name>
  <attach-to-name>Oxford Nanopore DNASeq</attach-to-name>
  <show-in-lablink>false</show-in-lablink>
  <allow-non-preset-values>true</allow-non-preset-values>
  <first-preset-is-default-value>false</first-preset-is-default-value>
  <is-editable>true</is-editable>
  <is-required>false</is-required>
  <attach-to-category>ProcessType</attach-to-category>
</cnf:field>
<cnf:field xmlns:cnf="http://genologics.com/ri/configuration" type="Date">
  <name>Date</name>
  <attach-to-name>Oxford Nanopore DNASeq</attach-to-name>
  <show-in-lablink>false</show-in-lablink>
  <allow-non-preset-values>true</allow-non-preset-values>
  <first-preset-is-default-value>false</first-preset-is-default-value>
  <is-editable>true</is-editable>
  <is-required>true</is-required>
  <attach-to-category>ProcessType</attach-to-category>
</cnf:field>
<cnf:field xmlns:cnf="http://genologics.com/ri/configuration" type="Numeric">
  <name>DNA input (ng)</name>
  <attach-to-name>Oxford Nanopore DNASeq</attach-to-name>
  <show-in-lablink>false</show-in-lablink>
  <allow-non-preset-values>true</allow-non-preset-values>
  <first-preset-is-default-value>false</first-preset-is-default-value>
  <is-editable>true</is-editable>
  <is-required>true</is-required>
  <attach-to-category>ProcessType</attach-to-category>
</cnf:field>
<cnf:field xmlns:cnf="http://genologics.com/ri/configuration" type="URI">
  <name>Index Placement Guide</name>
  <attach-to-name>Oxford Nanopore DNASeq</attach-to-name>
  <show-in-lablink>false</show-in-lablink>
  <allow-non-preset-values>true</allow-non-preset-values>
  <first-preset-is-default-value>true</first-preset-is-default-value>
  <is-editable>false</is-editable>
  <preset>https://docs.google.com/document/d/1GU2jRrAQBy0sKBsn5RADFm_1THuP9u6Rq2_UJBGvIrw/edit?usp=sharing</preset>
  <is-required>false</is-required>
  <attach-to-category>ProcessType</attach-to-category>
</cnf:field>
<cnf:field xmlns:cnf="http://genologics.com/ri/configuration" type="String">
  <name>Kit Name</name>
  <attach-to-name>Oxford Nanopore DNASeq</attach-to-name>
  <show-in-lablink>false</show-in-lablink>
  <allow-non-preset-values>false</allow-non-preset-values>
  <first-preset-is-default-value>false</first-preset-is-default-value>
  <is-editable>true</is-editable>
  <preset>WGS / Ligation Sequencing Kit (SQK-LSK109)</preset>
  <preset>WGS  / Ligation Sequencing Kit (SQK-LSK110)</preset>
  <preset>WGS barcoded / Native Barcoding Kit 96 (SQK-NBD196) / Ligation Sequencing Kit (SQK-LSK109)</preset>
  <preset>Amplicon / Native Barcoding Kit 96 (SQK-NBD196) / Ligation Sequencing Kit (SQK-LSK109)</preset>
  <preset>16S Barcoding Kit 1-24 (SQK-16S024)</preset>
  <is-required>true</is-required>
  <attach-to-category>ProcessType</attach-to-category>
</cnf:field>
<cnf:field xmlns:cnf="http://genologics.com/ri/configuration" type="String">
  <name>Size Selection Method</name>
  <attach-to-name>Oxford Nanopore DNASeq</attach-to-name>
  <show-in-lablink>false</show-in-lablink>
  <allow-non-preset-values>true</allow-non-preset-values>
  <first-preset-is-default-value>false</first-preset-is-default-value>
  <is-editable>true</is-editable>
  <preset>no size selection</preset>
  <preset>Circulomics</preset>
  <preset>SPRI beads</preset>
  <is-required>true</is-required>
  <attach-to-category>ProcessType</attach-to-category>
</cnf:field>
<cnf:field xmlns:cnf="http://genologics.com/ri/configuration" type="String">
  <name>9th plate offset</name>
  <attach-to-name>Sample Normalization Robot</attach-to-name>
  <show-in-lablink>true</show-in-lablink>
  <allow-non-preset-values>false</allow-non-preset-values>
  <first-preset-is-default-value>true</first-preset-is-default-value>
  <is-editable>false</is-editable>
  <preset>A:1</preset>
  <is-required>false</is-required>
  <attach-to-category>ProcessType</attach-to-category>
</cnf:field>
<cnf:field xmlns:cnf="http://genologics.com/ri/configuration" type="String">
  <name>Concentration from</name>
  <attach-to-name>Sample Normalization Robot</attach-to-name>
  <show-in-lablink>true</show-in-lablink>
  <allow-non-preset-values>true</allow-non-preset-values>
  <first-preset-is-default-value>true</first-preset-is-default-value>
  <is-editable>true</is-editable>
  <preset>Last Protocol</preset>
  <preset>Submitted Sample</preset>
  <is-required>false</is-required>
  <attach-to-category>ProcessType</attach-to-category>
</cnf:field>
<cnf:field xmlns:cnf="http://genologics.com/ri/configuration" type="String">
  <name>Controls</name>
  <attach-to-name>Sample Normalization Robot</attach-to-name>
  <show-in-lablink>true</show-in-lablink>
  <allow-non-preset-values>false</allow-non-preset-values>
  <first-preset-is-default-value>true</first-preset-is-default-value>
  <is-editable>false</is-editable>
  <preset>4 - Affymetrix</preset>
  <is-required>false</is-required>
  <attach-to-category>ProcessType</attach-to-category>
</cnf:field>
<cnf:field xmlns:cnf="http://genologics.com/ri/configuration" type="Numeric">
  <name>Destination Concentration (ng/ul)</name>
  <attach-to-name>Sample Normalization Robot</attach-to-name>
  <precision>1</precision>
  <show-in-lablink>true</show-in-lablink>
  <allow-non-preset-values>true</allow-non-preset-values>
  <first-preset-is-default-value>true</first-preset-is-default-value>
  <is-editable>true</is-editable>
  <preset>20</preset>
  <preset>100</preset>
  <is-required>false</is-required>
  <attach-to-category>ProcessType</attach-to-category>
</cnf:field>
<cnf:field xmlns:cnf="http://genologics.com/ri/configuration" type="Numeric">
  <name>Destination Volume (ul)</name>
  <attach-to-name>Sample Normalization Robot</attach-to-name>
  <precision>2</precision>
  <show-in-lablink>true</show-in-lablink>
  <allow-non-preset-values>true</allow-non-preset-values>
  <first-preset-is-default-value>true</first-preset-is-default-value>
  <is-editable>true</is-editable>
  <preset>20</preset>
  <is-required>true</is-required>
  <attach-to-category>ProcessType</attach-to-category>
</cnf:field>
<cnf:field xmlns:cnf="http://genologics.com/ri/configuration" type="Numeric">
  <name>KapaTag Cycle</name>
  <attach-to-name>Sample Normalization Robot</attach-to-name>
  <precision>0</precision>
  <show-in-lablink>true</show-in-lablink>
  <allow-non-preset-values>true</allow-non-preset-values>
  <first-preset-is-default-value>false</first-preset-is-default-value>
  <is-editable>true</is-editable>
  <is-required>false</is-required>
  <attach-to-category>ProcessType</attach-to-category>
</cnf:field>
<cnf:field xmlns:cnf="http://genologics.com/ri/configuration" type="String">
  <name>KapaTag Randomization Method</name>
  <attach-to-name>Sample Normalization Robot</attach-to-name>
  <show-in-lablink>true</show-in-lablink>
  <allow-non-preset-values>false</allow-non-preset-values>
  <first-preset-is-default-value>true</first-preset-is-default-value>
  <is-editable>true</is-editable>
  <preset>Cycle Shift</preset>
  <preset>Random</preset>
  <is-required>false</is-required>
  <attach-to-category>ProcessType</attach-to-category>
</cnf:field>
<cnf:field xmlns:cnf="http://genologics.com/ri/configuration" type="String">
  <name>Quantity (ng)</name>
  <attach-to-name>Sample Normalization Robot</attach-to-name>
  <show-in-lablink>true</show-in-lablink>
  <allow-non-preset-values>true</allow-non-preset-values>
  <first-preset-is-default-value>true</first-preset-is-default-value>
  <is-editable>true</is-editable>
  <preset>400</preset>
  <preset>1000</preset>
  <is-required>false</is-required>
  <attach-to-category>ProcessType</attach-to-category>
</cnf:field>
<cnf:field xmlns:cnf="http://genologics.com/ri/configuration" type="String">
  <name>Target</name>
  <attach-to-name>Sample Normalization Robot</attach-to-name>
  <show-in-lablink>true</show-in-lablink>
  <allow-non-preset-values>true</allow-non-preset-values>
  <first-preset-is-default-value>true</first-preset-is-default-value>
  <is-editable>true</is-editable>
  <preset>Concentration</preset>
  <preset>Quantity</preset>
  <is-required>false</is-required>
  <attach-to-category>ProcessType</attach-to-category>
</cnf:field>
<cnf:field xmlns:cnf="http://genologics.com/ri/configuration" type="String">
  <name>Threshold, ng/ul</name>
  <attach-to-name>Sample Normalization Robot</attach-to-name>
  <show-in-lablink>true</show-in-lablink>
  <allow-non-preset-values>true</allow-non-preset-values>
  <first-preset-is-default-value>true</first-preset-is-default-value>
  <is-editable>true</is-editable>
  <preset>7</preset>
  <is-required>false</is-required>
  <attach-to-category>ProcessType</attach-to-category>
</cnf:field>
<cnf:field xmlns:cnf="http://genologics.com/ri/configuration" type="Numeric">
  <name>VolCtrl</name>
  <attach-to-name>Sample Normalization Robot</attach-to-name>
  <precision>2</precision>
  <show-in-lablink>true</show-in-lablink>
  <allow-non-preset-values>true</allow-non-preset-values>
  <first-preset-is-default-value>true</first-preset-is-default-value>
  <is-editable>true</is-editable>
  <preset>5.8</preset>
  <is-required>false</is-required>
  <attach-to-category>ProcessType</attach-to-category>
</cnf:field>
	</ProcessTypeUDFs>
	<ProcessTemplates>
<ptm:process-template xmlns:ptm="http://genologics.com/ri/processtemplate">
  <name>Concentration</name>
  <type>Sample Normalization Robot</type>
  <udf:field xmlns:udf="http://genologics.com/ri/userdefined" type="String" name="Concentration from">Last Protocol</udf:field>
  <udf:field xmlns:udf="http://genologics.com/ri/userdefined" type="Numeric" name="Destination Concentration (ng/ul)">20</udf:field>
  <udf:field xmlns:udf="http://genologics.com/ri/userdefined" type="Numeric" name="Destination Volume (ul)">20</udf:field>
  <udf:field xmlns:udf="http://genologics.com/ri/userdefined" type="String" name="Target">Concentration</udf:field>
  <udf:field xmlns:udf="http://genologics.com/ri/userdefined" type="String" name="Threshold, ng/ul">7</udf:field>
  <is-default>false</is-default>
</ptm:process-template>
<ptm:process-template xmlns:ptm="http://genologics.com/ri/processtemplate">
  <name>Quantity</name>
  <type>Sample Normalization Robot</type>
  <udf:field xmlns:udf="http://genologics.com/ri/userdefined" type="String" name="Concentration from">Last Protocol</udf:field>
  <udf:field xmlns:udf="http://genologics.com/ri/userdefined" type="Numeric" name="Destination Volume (ul)">20</udf:field>
  <udf:field xmlns:udf="http://genologics.com/ri/userdefined" type="String" name="Quantity (ng)">400</udf:field>
  <udf:field xmlns:udf="http://genologics.com/ri/userdefined" type="String" name="Target">Quantity</udf:field>
  <udf:field xmlns:udf="http://genologics.com/ri/userdefined" type="String" name="Threshold, ng/ul">7</udf:field>
  <is-default>false</is-default>
</ptm:process-template>
	</ProcessTemplates>
	<Protocols>
<protcnf:protocol xmlns:protcnf="http://genologics.com/ri/protocolconfiguration" index="50" name="Oxford Nanopore DNASeq Protocol">
  <steps>
    <step name="Sample Normalization Robot">
      <protocol-step-index>1</protocol-step-index>
      <process-type>Sample Normalization Robot</process-type>
      <permitted-containers>
        <container-type>Tube</container-type>
      </permitted-containers>
      <permitted-reagent-categories/>
      <required-reagent-kits/>
      <permitted-control-types/>
      <permitted-instrument-types/>
      <transitions>
        <transition sequence="2" name="Oxford Nanopore DNASeq"/>
      </transitions>
      <queue-fields>
        <queue-field detail="false" style="BUILT_IN" attach-to="Analyte" name="Sample Name"/>
        <queue-field detail="false" style="BUILT_IN" attach-to="Container" name="LIMS ID (Container)"/>
        <queue-field detail="false" style="BUILT_IN" attach-to="Container" name="Container Name"/>
        <queue-field detail="false" style="BUILT_IN" attach-to="Container" name="Well"/>
        <queue-field detail="false" style="BUILT_IN" attach-to="Project" name="Project Name"/>
        <queue-field detail="false" style="BUILT_IN" attach-to="Analyte" name="Waiting"/>
      </queue-fields>
      <ice-bucket-fields>
        <ice-bucket-field detail="false" style="BUILT_IN" attach-to="Analyte" name="Sample Name"/>
        <ice-bucket-field detail="false" style="BUILT_IN" attach-to="Container" name="LIMS ID (Container)"/>
        <ice-bucket-field detail="false" style="BUILT_IN" attach-to="Container" name="Container Name"/>
        <ice-bucket-field detail="false" style="BUILT_IN" attach-to="Container" name="Well"/>
        <ice-bucket-field detail="false" style="BUILT_IN" attach-to="Project" name="Project Name"/>
        <ice-bucket-field detail="false" style="BUILT_IN" attach-to="Analyte" name="Waiting"/>
      </ice-bucket-fields>
      <step-fields/>
      <sample-fields>
        <sample-field style="BUILT_IN" attach-to="Analyte" name="Sample Name"/>
        <sample-field style="BUILT_IN" attach-to="Container" name="Container Name"/>
        <sample-field style="BUILT_IN" attach-to="Container" name="Well"/>
        <sample-field style="BUILT_IN" attach-to="Container" name="LIMS ID (Container)"/>
        <sample-field style="BUILT_IN" attach-to="Project" name="Project Name"/>
      </sample-fields>
      <step-properties>
        <step-property value="false" name="qcProtocolStep"/>
        <step-property value="true" name="attemptAutoPlacement"/>
        <step-property value="false" name="eSignatureRequired"/>
        <step-property value="false" name="measurementWithFile"/>
        <step-property value="false" name="eppLocksNextSteps"/>
        <step-property value="false" name="autoStartNextStep"/>
        <step-property value="0/{LIST:CSV file for robot,Log file,CSV mapping file,CSV file for manual,KapaTag CSV file for robot }/isAutoAttached=false/locked=false|1/{LIST:CSV file for robot,Log file,CSV mapping file,CSV file for manual,KapaTag CSV file for robot }/isAutoAttached=false/locked=false|2/{LIST:CSV file for robot,Log file,CSV mapping file,CSV file for manual,KapaTag CSV file for robot }/isAutoAttached=false/locked=false|3/{LIST:CSV file for robot,Log file,CSV mapping file,CSV file for manual,KapaTag CSV file for robot }/isAutoAttached=false/locked=false|4/{LIST:CSV file for robot,Log file,CSV mapping file,CSV file for manual,KapaTag CSV file for robot }/isAutoAttached=false/locked=false" name="autoAttachFiles"/>
        <step-property value="false" name="expandContainerGroupsCheckBox"/>
        <step-property value="false" name="arrangeFieldsHorizontally"/>
        <step-property value="row" name="recordDetailsMultiwellSortOrder"/>
        <step-property value="containerGroup" name="queueDefaultGrouping"/>
        <step-property value="row" name="queueMultiwellSortOrder"/>
        <step-property value="false" name="placementSkipAlternatingRows"/>
        <step-property value="false" name="placementSkipAlternatingColumns"/>
        <step-property value="row" name="placementDefaultPattern"/>
        <step-property value="containerGroup" name="placementDefaultGrouping"/>
        <step-property value="row" name="placementMultiwellSortOrder"/>
        <step-property value="containerGroup" name="poolingDefaultGrouping"/>
        <step-property value="row" name="poolingMultiwellSortOrder"/>
        <step-property value="containerGroup" name="iceBucketDefaultGrouping"/>
        <step-property value="row" name="iceBucketMultiwellSortOrder"/>
      </step-properties>
      <epp-triggers>
        <epp-trigger type="MANUAL" name="0. Print barcodes"/>
        <epp-trigger type="MANUAL" name="1. Normalize samples"/>
        <epp-trigger type="MANUAL" name="2. Generate KapaTag file for robot"/>
        <epp-trigger type="MANUAL" name="2. Route samples"/>
        <epp-trigger type="MANUAL" name="3. Route by python"/>
        <epp-trigger type="MANUAL" name="AutoPlacement"/>
        <epp-trigger type="MANUAL" name="Control Placement with LeftOver"/>
        <epp-trigger type="MANUAL" name="Copy KapaTag Cycle"/>
        <epp-trigger type="MANUAL" name="Update KapaTag Cycle"/>
        <epp-trigger type="MANUAL" name="copy input sample info"/>
      </epp-triggers>
    </step>
    <step name="Oxford Nanopore DNASeq">
      <protocol-step-index>2</protocol-step-index>
      <process-type>Oxford Nanopore DNASeq</process-type>
      <permitted-containers>
        <container-type>Tube</container-type>
        <container-type>Strip Tube</container-type>
        <container-type>96 well plate</container-type>
      </permitted-containers>
      <permitted-reagent-categories>
        <reagent-category>Nanopore Native Barcoding Kit:EXP-NBD196 (column 1 contains ID: 01, 02, 03, 04, 05, 06, 07, 08)</reagent-category>
        <reagent-category>NoIndex</reagent-category>
      </permitted-reagent-categories>
      <required-reagent-kits/>
      <permitted-control-types/>
      <permitted-instrument-types/>
      <transitions/>
      <queue-fields>
        <queue-field detail="false" style="BUILT_IN" attach-to="Analyte" name="Sample Name"/>
        <queue-field detail="false" style="BUILT_IN" attach-to="Container" name="LIMS ID (Container)"/>
        <queue-field detail="false" style="BUILT_IN" attach-to="Container" name="Container Name"/>
        <queue-field detail="false" style="BUILT_IN" attach-to="Container" name="Well"/>
        <queue-field detail="false" style="BUILT_IN" attach-to="Project" name="Project Name"/>
        <queue-field detail="false" style="BUILT_IN" attach-to="Analyte" name="Waiting"/>
      </queue-fields>
      <ice-bucket-fields>
        <ice-bucket-field detail="false" style="BUILT_IN" attach-to="Analyte" name="Sample Name"/>
        <ice-bucket-field detail="false" style="BUILT_IN" attach-to="Container" name="LIMS ID (Container)"/>
        <ice-bucket-field detail="false" style="BUILT_IN" attach-to="Container" name="Container Name"/>
        <ice-bucket-field detail="false" style="BUILT_IN" attach-to="Container" name="Well"/>
        <ice-bucket-field detail="false" style="BUILT_IN" attach-to="Project" name="Project Name"/>
        <ice-bucket-field detail="false" style="BUILT_IN" attach-to="Analyte" name="Waiting"/>
      </ice-bucket-fields>
      <step-fields>
        <step-field style="USER_DEFINED" attach-to="AddMultipleReagents" name="Date"/>
        <step-field style="USER_DEFINED" attach-to="AddMultipleReagents" name="DNA input (ng)"/>
        <step-field style="USER_DEFINED" attach-to="AddMultipleReagents" name="Kit Name"/>
        <step-field style="USER_DEFINED" attach-to="AddMultipleReagents" name="Index Placement Guide"/>
        <step-field style="USER_DEFINED" attach-to="AddMultipleReagents" name="Comment"/>
      </step-fields>
      <sample-fields>
        <sample-field style="BUILT_IN" attach-to="Analyte" name="Sample Name"/>
        <sample-field style="BUILT_IN" attach-to="Container" name="Container Name"/>
        <sample-field style="BUILT_IN" attach-to="Container" name="Well"/>
        <sample-field style="USER_DEFINED" attach-to="Analyte" name="Fragment Size (kbp)"/>
        <sample-field style="USER_DEFINED" attach-to="Analyte" name="Short Read Elimination"/>
        <sample-field style="USER_DEFINED" attach-to="Analyte" name="Final Size selection"/>
        <sample-field style="USER_DEFINED" attach-to="Analyte" name="Library Volume (ul)"/>
        <sample-field style="BUILT_IN" attach-to="Project" name="LIMS ID (Project)"/>
      </sample-fields>
      <step-properties>
        <step-property value="false" name="qcProtocolStep"/>
        <step-property value="false" name="attemptAutoPlacement"/>
        <step-property value="false" name="eSignatureRequired"/>
        <step-property value="false" name="measurementWithFile"/>
        <step-property value="false" name="eppLocksNextSteps"/>
        <step-property value="false" name="autoStartNextStep"/>
        <step-property value="true" name="expandContainerGroupsCheckBox"/>
        <step-property value="false" name="arrangeFieldsHorizontally"/>
        <step-property value="column" name="recordDetailsMultiwellSortOrder"/>
        <step-property value="containerGroup" name="queueDefaultGrouping"/>
        <step-property value="row" name="queueMultiwellSortOrder"/>
        <step-property value="false" name="placementSkipAlternatingRows"/>
        <step-property value="false" name="placementSkipAlternatingColumns"/>
        <step-property value="column" name="placementDefaultPattern"/>
        <step-property value="projectGroup" name="placementDefaultGrouping"/>
        <step-property value="column" name="placementMultiwellSortOrder"/>
        <step-property value="containerGroup" name="poolingDefaultGrouping"/>
        <step-property value="row" name="poolingMultiwellSortOrder"/>
        <step-property value="containerGroup" name="iceBucketDefaultGrouping"/>
        <step-property value="row" name="iceBucketMultiwellSortOrder"/>
      </step-properties>
      <epp-triggers/>
    </step>
  </steps>
  <protocol-properties>
    <protocol-property value="false" name="hidden"/>
    <protocol-property value="0" name="capacity"/>
    <protocol-property value="samplePrep" name="type"/>
  </protocol-properties>
</protcnf:protocol>
	</Protocols>
</config>
