<config ApiVersion="v2,r24" ConfigSlicerVersion="3.0.24">
	<ContainerTypes>
<ctp:container-type xmlns:ctp="http://genologics.com/ri/containertype" name="Tube">
  <is-tube>true</is-tube>
  <x-dimension>
    <is-alpha>false</is-alpha>
    <offset>1</offset>
    <size>1</size>
  </x-dimension>
  <y-dimension>
    <is-alpha>false</is-alpha>
    <offset>1</offset>
    <size>1</size>
  </y-dimension>
</ctp:container-type>
	</ContainerTypes>
	<AnalyteUDFs>
<cnf:field xmlns:cnf="http://genologics.com/ri/configuration" type="String">
  <name>Comments</name>
  <attach-to-name>Analyte</attach-to-name>
  <show-in-lablink>true</show-in-lablink>
  <allow-non-preset-values>true</allow-non-preset-values>
  <first-preset-is-default-value>false</first-preset-is-default-value>
  <is-editable>true</is-editable>
  <is-required>false</is-required>
  <attach-to-category/>
</cnf:field>
<cnf:field xmlns:cnf="http://genologics.com/ri/configuration" type="String">
  <name>Conc. Units</name>
  <attach-to-name>Analyte</attach-to-name>
  <show-in-lablink>true</show-in-lablink>
  <allow-non-preset-values>true</allow-non-preset-values>
  <first-preset-is-default-value>false</first-preset-is-default-value>
  <is-editable>true</is-editable>
  <preset>ng/uL</preset>
  <preset>nM</preset>
  <preset>M</preset>
  <is-required>true</is-required>
  <attach-to-category/>
</cnf:field>
<cnf:field xmlns:cnf="http://genologics.com/ri/configuration" type="Numeric">
  <name>Concentration</name>
  <attach-to-name>Analyte</attach-to-name>
  <precision>2</precision>
  <show-in-lablink>true</show-in-lablink>
  <allow-non-preset-values>true</allow-non-preset-values>
  <first-preset-is-default-value>false</first-preset-is-default-value>
  <is-editable>true</is-editable>
  <is-required>true</is-required>
  <attach-to-category/>
</cnf:field>
	</AnalyteUDFs>
	<ResultFileUDFs>
<cnf:field xmlns:cnf="http://genologics.com/ri/configuration" type="String">
  <name>Comments</name>
  <attach-to-name>ResultFile</attach-to-name>
  <show-in-lablink>true</show-in-lablink>
  <allow-non-preset-values>true</allow-non-preset-values>
  <first-preset-is-default-value>false</first-preset-is-default-value>
  <is-editable>true</is-editable>
  <is-required>false</is-required>
  <attach-to-category/>
</cnf:field>
<cnf:field xmlns:cnf="http://genologics.com/ri/configuration" type="String">
  <name>Conc. Units</name>
  <attach-to-name>ResultFile</attach-to-name>
  <show-in-lablink>true</show-in-lablink>
  <allow-non-preset-values>true</allow-non-preset-values>
  <first-preset-is-default-value>true</first-preset-is-default-value>
  <is-editable>true</is-editable>
  <preset>ng/uL</preset>
  <preset>nM</preset>
  <is-required>false</is-required>
  <attach-to-category/>
</cnf:field>
<cnf:field xmlns:cnf="http://genologics.com/ri/configuration" type="Numeric">
  <name>Concentration</name>
  <attach-to-name>ResultFile</attach-to-name>
  <precision>2</precision>
  <show-in-lablink>true</show-in-lablink>
  <allow-non-preset-values>true</allow-non-preset-values>
  <first-preset-is-default-value>false</first-preset-is-default-value>
  <is-editable>true</is-editable>
  <is-required>false</is-required>
  <attach-to-category/>
</cnf:field>
<cnf:field xmlns:cnf="http://genologics.com/ri/configuration" type="Numeric">
  <name>RIN</name>
  <attach-to-name>ResultFile</attach-to-name>
  <precision>2</precision>
  <show-in-lablink>true</show-in-lablink>
  <allow-non-preset-values>true</allow-non-preset-values>
  <first-preset-is-default-value>false</first-preset-is-default-value>
  <is-editable>true</is-editable>
  <is-required>false</is-required>
  <attach-to-category/>
</cnf:field>
	</ResultFileUDFs>
	<ProcessTypes>
<ptp:process-type xmlns:ptp="http://genologics.com/ri/processtype" name="Aggregate QC (RNA) McGill 1.0">
  <field-definition name="Bioanalyzer QC (RNA) McGill 1.0"/>
  <field-definition name="CaliperGX QC (RNA) McGill 1.0"/>
  <field-definition name="Comments"/>
  <field-definition name="Copy task 1 - Source Field"/>
  <field-definition name="Copy task 1 - Source Step"/>
  <field-definition name="Copy task 2 - Source Field"/>
  <field-definition name="Copy task 2 - Source Step"/>
  <field-definition name="Copy task 3 - Source Field"/>
  <field-definition name="Copy task 3 - Source Step"/>
  <field-definition name="Femto Pulse QC (RNA) McGill 1.0"/>
  <field-definition name="Qubit QC (RNA) McGill 1.0"/>
  <field-definition name="Tapestation QC (RNA) McGill 1.0"/>
  <parameter name="Aggregate QC Flags and Copy Fields">
    <string>bash -c "/opt/gls/clarity/bin/java -jar /opt/gls/clarity/extensions/ngs-common/v5/EPP/ngs-extensions.jar -i {processURI:v2:http} -u {username} -p {password} script:setUDF -f 'Progress' -t '//input/@uri-&gt;//sample/@uri' -v 'Initial sample QC complete' script:aggregateQC -c 'true' -a 'true' -log {compoundOutputFileLuid0} -aggregatelog {compoundOutputFileLuid1} -copylog {compoundOutputFileLuid2}"</string>
    <run-program-per-event>false</run-program-per-event>
    <channel>limsserver</channel>
    <invocation-type>PostProcess</invocation-type>
  </parameter>
  <process-input>
    <artifact-type>Analyte</artifact-type>
    <display-name>Analyte</display-name>
    <remove-working-flag>false</remove-working-flag>
  </process-input>
  <process-output>
    <artifact-type>ResultFile</artifact-type>
    <display-name>ResultFile</display-name>
    <output-generation-type>PerAllInputs</output-generation-type>
    <variability-type>Fixed</variability-type>
    <number-of-outputs>3</number-of-outputs>
    <output-name>{LIST:QC UDF Copy Log,Aggregation Script Log,QC Flag Aggregation Log}</output-name>
    <field-definition name="RIN"/>
  </process-output>
  <process-type-attribute name="ConsumeVolume">false</process-type-attribute>
  <process-type-attribute name="ContextCode">AGR</process-type-attribute>
  <process-type-attribute name="DefaultPlacementPattern">Place samples vertically</process-type-attribute>
  <process-type-attribute name="Enabled">true</process-type-attribute>
  <process-type-attribute name="Family">Configured</process-type-attribute>
  <process-type-attribute name="IconConstant">HYBRIDIZED_SAMPLE_ICON</process-type-attribute>
  <process-type-attribute name="InheritsQC">false</process-type-attribute>
  <process-type-attribute name="ModifyInputOutput">All</process-type-attribute>
  <process-type-attribute name="OnlyEnableDoneAtLastPanel">false</process-type-attribute>
  <process-type-attribute name="OpenPostProcess">false</process-type-attribute>
  <process-type-attribute name="OutputContextCode">AG</process-type-attribute>
  <process-type-attribute name="OutputSorting">Input LIMS ID</process-type-attribute>
  <process-type-attribute name="ProcessGroup">1. RNA Initial QC</process-type-attribute>
  <process-type-attribute name="ProcessTabView">Display and maximize the Input/Output Explorer mini-tabbed page</process-type-attribute>
  <process-type-attribute name="QCAdjustmentType">None</process-type-attribute>
  <process-type-attribute name="ShowInButtonBar">false</process-type-attribute>
  <process-type-attribute name="ShowInExplorer">false</process-type-attribute>
  <process-type-attribute name="SkipInputPanel">true</process-type-attribute>
  <process-type-attribute name="SupportsExternalProgram">true</process-type-attribute>
  <process-type-attribute name="VolumeAdjustmentType">None</process-type-attribute>
</ptp:process-type>
<ptp:process-type xmlns:ptp="http://genologics.com/ri/processtype" name="Qubit QC (RNA) McGill 1.0">
  <field-definition name="Comments"/>
  <field-definition name="Criteria 1 - Operator"/>
  <field-definition name="Criteria 1 - Source Data Field"/>
  <field-definition name="Criteria 1 - Threshold Value"/>
  <field-definition name="Criteria 2 - Operator"/>
  <field-definition name="Criteria 2 - Source Data Field"/>
  <field-definition name="Criteria 2 - Threshold Value"/>
  <parameter name="Assign QC flags">
    <string>bash -c "/opt/gls/clarity/bin/java -jar /opt/gls/clarity/extensions/ngs-common/v5/EPP/ngs-extensions.jar -i {processURI:v2:http} -u {username} -p {password} script:assignQC -log {compoundOutputFileLuid1} -qcResult {compoundOutputFileLuid2}"</string>
    <run-program-per-event>false</run-program-per-event>
    <channel>limsserver</channel>
    <invocation-type>PostProcess</invocation-type>
  </parameter>
  <process-input>
    <artifact-type>Analyte</artifact-type>
    <display-name>Analyte</display-name>
    <remove-working-flag>false</remove-working-flag>
  </process-input>
  <process-output>
    <artifact-type>ResultFile</artifact-type>
    <display-name>ResultFile</display-name>
    <output-generation-type>PerInput</output-generation-type>
    <variability-type>Fixed</variability-type>
    <number-of-outputs>1</number-of-outputs>
    <output-name>{InputItemName} Qubit</output-name>
    <field-definition name="Concentration"/>
    <field-definition name="Conc. Units"/>
    <field-definition name="Comments"/>
  </process-output>
  <process-type-attribute name="ConsumeVolume">false</process-type-attribute>
  <process-type-attribute name="ContextCode">QBR</process-type-attribute>
  <process-type-attribute name="DefaultPlacementPattern">Place samples vertically</process-type-attribute>
  <process-type-attribute name="Enabled">true</process-type-attribute>
  <process-type-attribute name="Family">Configured</process-type-attribute>
  <process-type-attribute name="IconConstant">HYBRIDIZED_SAMPLE_ICON</process-type-attribute>
  <process-type-attribute name="InheritsQC">false</process-type-attribute>
  <process-type-attribute name="ModifyInputOutput">All</process-type-attribute>
  <process-type-attribute name="OnlyEnableDoneAtLastPanel">false</process-type-attribute>
  <process-type-attribute name="OpenPostProcess">true</process-type-attribute>
  <process-type-attribute name="OutputContainerType">Tube</process-type-attribute>
  <process-type-attribute name="OutputContextCode">QB</process-type-attribute>
  <process-type-attribute name="OutputSorting">Input LIMS ID</process-type-attribute>
  <process-type-attribute name="ProcessGroup">1. RNA Initial QC</process-type-attribute>
  <process-type-attribute name="ProcessTabView">Display the UDF information associated with all the outputs</process-type-attribute>
  <process-type-attribute name="QCAdjustmentType">None</process-type-attribute>
  <process-type-attribute name="ShowInButtonBar">false</process-type-attribute>
  <process-type-attribute name="ShowInExplorer">false</process-type-attribute>
  <process-type-attribute name="SkipInputPanel">true</process-type-attribute>
  <process-type-attribute name="SupportsExternalProgram">true</process-type-attribute>
  <process-type-attribute name="VolumeAdjustmentType">None</process-type-attribute>
</ptp:process-type>
<ptp:process-type xmlns:ptp="http://genologics.com/ri/processtype" name="Tapestation QC (RNA) McGill 1.0">
  <field-definition name="Comments"/>
  <parameter name="Generate Tapestation Input Sampletable CSV">
    <string>bash -c "/opt/gls/clarity/bin/java -cp /opt/gls/clarity/extensions/ngs-common/v5/EPP/DriverFileGenerator.jar driver_file_generator -i {processURI:v2:http} -u {username} -p {password} -t /opt/gls/clarity/extensions/ngs-common/v5/EPP/conf/readonly/tapestation_driver_file_template.csv -o {compoundOutputFileLuid0}.csv -l {compoundOutputFileLuid1}"</string>
    <run-program-per-event>false</run-program-per-event>
    <channel>limsserver</channel>
    <invocation-type>PostProcess</invocation-type>
  </parameter>
  <parameter name="Parse Tapestation XML">
    <string>bash -c "/opt/gls/clarity/bin/java -cp /opt/gls/clarity/extensions/ngs-common/v5/EPP/XmlSampleNameParser.jar parseXmlBySampleName -i {processURI:v2:http} -u {username} -p {password} -inputFile {compoundOutputFileLuid2} -log {compoundOutputFileLuid3}.html -configFile /opt/gls/clarity/customextensions/Tapestation/simpleTapeStationRNAConfig.groovy" </string>
    <run-program-per-event>false</run-program-per-event>
    <channel>limsserver</channel>
    <invocation-type>PostProcess</invocation-type>
  </parameter>
  <process-input>
    <artifact-type>Analyte</artifact-type>
    <display-name>Analyte</display-name>
    <remove-working-flag>false</remove-working-flag>
  </process-input>
  <process-output>
    <artifact-type>ResultFile</artifact-type>
    <display-name>ResultFile</display-name>
    <output-generation-type>PerInput</output-generation-type>
    <variability-type>Fixed</variability-type>
    <number-of-outputs>1</number-of-outputs>
    <output-name>{InputItemName} Tapestation</output-name>
    <field-definition name="Concentration"/>
    <field-definition name="Conc. Units"/>
    <field-definition name="RIN"/>
    <field-definition name="Comments"/>
  </process-output>
  <process-output>
    <artifact-type>ResultFile</artifact-type>
    <display-name>SharedResultFile</display-name>
    <output-generation-type>PerAllInputs</output-generation-type>
    <variability-type>Fixed</variability-type>
    <number-of-outputs>4</number-of-outputs>
    <output-name>{LIST:TapeStation Input SampleTable,Sample Table Generation Log,Tapestation Output XML,Tapestation XML Parsing Log}</output-name>
  </process-output>
  <process-type-attribute name="ConsumeVolume">true</process-type-attribute>
  <process-type-attribute name="ContextCode">TAP</process-type-attribute>
  <process-type-attribute name="DefaultPlacementPattern">Place samples vertically</process-type-attribute>
  <process-type-attribute name="Enabled">true</process-type-attribute>
  <process-type-attribute name="Family">Configured</process-type-attribute>
  <process-type-attribute name="IconConstant">GEL_SPOT</process-type-attribute>
  <process-type-attribute name="InheritsQC">false</process-type-attribute>
  <process-type-attribute name="ModifyInputOutput">All</process-type-attribute>
  <process-type-attribute name="OnlyEnableDoneAtLastPanel">false</process-type-attribute>
  <process-type-attribute name="OpenPostProcess">false</process-type-attribute>
  <process-type-attribute name="OutputContextCode">TA</process-type-attribute>
  <process-type-attribute name="OutputSorting">Input LIMS ID</process-type-attribute>
  <process-type-attribute name="ProcessGroup">1. RNA Initial QC</process-type-attribute>
  <process-type-attribute name="ProcessTabView">Use the default display</process-type-attribute>
  <process-type-attribute name="QCAdjustmentType">None</process-type-attribute>
  <process-type-attribute name="ShowInButtonBar">false</process-type-attribute>
  <process-type-attribute name="ShowInExplorer">false</process-type-attribute>
  <process-type-attribute name="SkipInputPanel">false</process-type-attribute>
  <process-type-attribute name="SupportsExternalProgram">true</process-type-attribute>
  <process-type-attribute name="VolumeAdjustmentType">None</process-type-attribute>
</ptp:process-type>
	</ProcessTypes>
	<ProcessTypeUDFs>
<cnf:field xmlns:cnf="http://genologics.com/ri/configuration" type="String">
  <name>Copy task 1 - Source Step</name>
  <attach-to-name>Aggregate QC (RNA) McGill 1.0</attach-to-name>
  <show-in-lablink>true</show-in-lablink>
  <allow-non-preset-values>false</allow-non-preset-values>
  <first-preset-is-default-value>true</first-preset-is-default-value>
  <is-editable>true</is-editable>
  <preset>Qubit QC (RNA) McGill 1.0</preset>
  <preset>Tapestation QC (RNA) McGill 1.0</preset>
  <preset>Bioanalyzer QC (RNA) McGill 1.0</preset>
  <preset>CaliperGX (RNA) McGill 1.0</preset>
  <preset>Femto Pulse QC (RNA) McGill 1.0</preset>
  <is-required>false</is-required>
  <attach-to-category>ProcessType</attach-to-category>
</cnf:field>
<cnf:field xmlns:cnf="http://genologics.com/ri/configuration" type="String">
  <name>Copy task 1 - Source Field</name>
  <attach-to-name>Aggregate QC (RNA) McGill 1.0</attach-to-name>
  <show-in-lablink>true</show-in-lablink>
  <allow-non-preset-values>false</allow-non-preset-values>
  <first-preset-is-default-value>true</first-preset-is-default-value>
  <is-editable>true</is-editable>
  <preset>Concentration</preset>
  <preset>Conc. Units</preset>
  <is-required>false</is-required>
  <attach-to-category>ProcessType</attach-to-category>
</cnf:field>
<cnf:field xmlns:cnf="http://genologics.com/ri/configuration" type="String">
  <name>Copy task 2 - Source Step</name>
  <attach-to-name>Aggregate QC (RNA) McGill 1.0</attach-to-name>
  <show-in-lablink>true</show-in-lablink>
  <allow-non-preset-values>false</allow-non-preset-values>
  <first-preset-is-default-value>true</first-preset-is-default-value>
  <is-editable>true</is-editable>
  <preset>Qubit QC (RNA) McGill 1.0</preset>
  <preset>Tapestation QC (RNA) McGill 1.0</preset>
  <preset>Bioanalyzer QC (RNA) McGill 1.0</preset>
  <preset>CaliperGX QC (RNA) McGill 1.0</preset>
  <preset>Femto Pulse QC (RNA) McGill 1.0</preset>
  <is-required>false</is-required>
  <attach-to-category>ProcessType</attach-to-category>
</cnf:field>
<cnf:field xmlns:cnf="http://genologics.com/ri/configuration" type="String">
  <name>Copy task 2 - Source Field</name>
  <attach-to-name>Aggregate QC (RNA) McGill 1.0</attach-to-name>
  <show-in-lablink>true</show-in-lablink>
  <allow-non-preset-values>false</allow-non-preset-values>
  <first-preset-is-default-value>true</first-preset-is-default-value>
  <is-editable>true</is-editable>
  <preset>Conc. Units</preset>
  <preset>Concentration</preset>
  <is-required>false</is-required>
  <attach-to-category>ProcessType</attach-to-category>
</cnf:field>
<cnf:field xmlns:cnf="http://genologics.com/ri/configuration" type="String">
  <name>Copy task 3 - Source Step</name>
  <attach-to-name>Aggregate QC (RNA) McGill 1.0</attach-to-name>
  <show-in-lablink>true</show-in-lablink>
  <allow-non-preset-values>false</allow-non-preset-values>
  <first-preset-is-default-value>false</first-preset-is-default-value>
  <is-editable>true</is-editable>
  <preset>Tapestation QC (RNA) McGill 1.0</preset>
  <preset>Bioanalyzer QC (RNA) McGill 1.0</preset>
  <preset>CaliperGX QC (RNA) McGill 1.0</preset>
  <preset>Femto Pulse QC (RNA) McGill 1.0</preset>
  <is-required>false</is-required>
  <attach-to-category>ProcessType</attach-to-category>
</cnf:field>
<cnf:field xmlns:cnf="http://genologics.com/ri/configuration" type="String">
  <name>Copy task 3 - Source Field</name>
  <attach-to-name>Aggregate QC (RNA) McGill 1.0</attach-to-name>
  <show-in-lablink>true</show-in-lablink>
  <allow-non-preset-values>false</allow-non-preset-values>
  <first-preset-is-default-value>true</first-preset-is-default-value>
  <is-editable>true</is-editable>
  <preset>RIN</preset>
  <is-required>false</is-required>
  <attach-to-category>ProcessType</attach-to-category>
</cnf:field>
<cnf:field xmlns:cnf="http://genologics.com/ri/configuration" type="String">
  <name>Qubit QC (RNA) McGill 1.0</name>
  <attach-to-name>Aggregate QC (RNA) McGill 1.0</attach-to-name>
  <show-in-lablink>true</show-in-lablink>
  <allow-non-preset-values>false</allow-non-preset-values>
  <first-preset-is-default-value>true</first-preset-is-default-value>
  <is-editable>true</is-editable>
  <preset>Required (Priority 5)</preset>
  <preset>Use if available (Priority 5)</preset>
  <is-required>false</is-required>
  <attach-to-category>ProcessType</attach-to-category>
</cnf:field>
<cnf:field xmlns:cnf="http://genologics.com/ri/configuration" type="String">
  <name>Tapestation QC (RNA) McGill 1.0</name>
  <attach-to-name>Aggregate QC (RNA) McGill 1.0</attach-to-name>
  <show-in-lablink>true</show-in-lablink>
  <allow-non-preset-values>false</allow-non-preset-values>
  <first-preset-is-default-value>true</first-preset-is-default-value>
  <is-editable>true</is-editable>
  <preset>Use if available (Priority 5)</preset>
  <preset>Required (Priority 5)</preset>
  <is-required>false</is-required>
  <attach-to-category>ProcessType</attach-to-category>
</cnf:field>
<cnf:field xmlns:cnf="http://genologics.com/ri/configuration" type="String">
  <name>Femto Pulse QC (RNA) McGill 1.0</name>
  <attach-to-name>Aggregate QC (RNA) McGill 1.0</attach-to-name>
  <show-in-lablink>true</show-in-lablink>
  <allow-non-preset-values>false</allow-non-preset-values>
  <first-preset-is-default-value>true</first-preset-is-default-value>
  <is-editable>true</is-editable>
  <preset>Use if available (Priority 5)</preset>
  <preset>Required (Priority 5)</preset>
  <is-required>false</is-required>
  <attach-to-category>ProcessType</attach-to-category>
</cnf:field>
<cnf:field xmlns:cnf="http://genologics.com/ri/configuration" type="String">
  <name>Bioanalyzer QC (RNA) McGill 1.0</name>
  <attach-to-name>Aggregate QC (RNA) McGill 1.0</attach-to-name>
  <show-in-lablink>true</show-in-lablink>
  <allow-non-preset-values>false</allow-non-preset-values>
  <first-preset-is-default-value>true</first-preset-is-default-value>
  <is-editable>true</is-editable>
  <preset>Use if available (Priority 5)</preset>
  <preset>Required (Priority 5)</preset>
  <is-required>false</is-required>
  <attach-to-category>ProcessType</attach-to-category>
</cnf:field>
<cnf:field xmlns:cnf="http://genologics.com/ri/configuration" type="String">
  <name>CaliperGX QC (RNA) McGill 1.0</name>
  <attach-to-name>Aggregate QC (RNA) McGill 1.0</attach-to-name>
  <show-in-lablink>true</show-in-lablink>
  <allow-non-preset-values>false</allow-non-preset-values>
  <first-preset-is-default-value>true</first-preset-is-default-value>
  <is-editable>true</is-editable>
  <preset>Use if available (Priority 5)</preset>
  <preset>Required (Priority 5)</preset>
  <is-required>false</is-required>
  <attach-to-category>ProcessType</attach-to-category>
</cnf:field>
<cnf:field xmlns:cnf="http://genologics.com/ri/configuration" type="Text">
  <name>Comments</name>
  <attach-to-name>Aggregate QC (RNA) McGill 1.0</attach-to-name>
  <show-in-lablink>true</show-in-lablink>
  <allow-non-preset-values>true</allow-non-preset-values>
  <first-preset-is-default-value>false</first-preset-is-default-value>
  <is-editable>true</is-editable>
  <is-required>false</is-required>
  <attach-to-category>ProcessType</attach-to-category>
</cnf:field>
<cnf:field xmlns:cnf="http://genologics.com/ri/configuration" type="String">
  <name>Criteria 1 - Source Data Field</name>
  <attach-to-name>Qubit QC (RNA) McGill 1.0</attach-to-name>
  <show-in-lablink>true</show-in-lablink>
  <allow-non-preset-values>false</allow-non-preset-values>
  <first-preset-is-default-value>false</first-preset-is-default-value>
  <is-editable>true</is-editable>
  <preset>Concentration</preset>
  <preset>Conc. Units</preset>
  <is-required>false</is-required>
  <attach-to-category>ProcessType</attach-to-category>
</cnf:field>
<cnf:field xmlns:cnf="http://genologics.com/ri/configuration" type="String">
  <name>Criteria 1 - Operator</name>
  <attach-to-name>Qubit QC (RNA) McGill 1.0</attach-to-name>
  <show-in-lablink>true</show-in-lablink>
  <allow-non-preset-values>false</allow-non-preset-values>
  <first-preset-is-default-value>false</first-preset-is-default-value>
  <is-editable>true</is-editable>
  <preset>&gt;=</preset>
  <preset>&lt;=</preset>
  <preset>=</preset>
  <preset>!=</preset>
  <is-required>false</is-required>
  <attach-to-category>ProcessType</attach-to-category>
</cnf:field>
<cnf:field xmlns:cnf="http://genologics.com/ri/configuration" type="Numeric">
  <name>Criteria 1 - Threshold Value</name>
  <attach-to-name>Qubit QC (RNA) McGill 1.0</attach-to-name>
  <precision>2</precision>
  <show-in-lablink>true</show-in-lablink>
  <allow-non-preset-values>true</allow-non-preset-values>
  <first-preset-is-default-value>false</first-preset-is-default-value>
  <is-editable>true</is-editable>
  <is-required>false</is-required>
  <attach-to-category>ProcessType</attach-to-category>
</cnf:field>
<cnf:field xmlns:cnf="http://genologics.com/ri/configuration" type="String">
  <name>Criteria 2 - Source Data Field</name>
  <attach-to-name>Qubit QC (RNA) McGill 1.0</attach-to-name>
  <show-in-lablink>true</show-in-lablink>
  <allow-non-preset-values>false</allow-non-preset-values>
  <first-preset-is-default-value>false</first-preset-is-default-value>
  <is-editable>true</is-editable>
  <preset>Concentration</preset>
  <preset>Conc. Units</preset>
  <is-required>false</is-required>
  <attach-to-category>ProcessType</attach-to-category>
</cnf:field>
<cnf:field xmlns:cnf="http://genologics.com/ri/configuration" type="String">
  <name>Criteria 2 - Operator</name>
  <attach-to-name>Qubit QC (RNA) McGill 1.0</attach-to-name>
  <show-in-lablink>true</show-in-lablink>
  <allow-non-preset-values>false</allow-non-preset-values>
  <first-preset-is-default-value>false</first-preset-is-default-value>
  <is-editable>true</is-editable>
  <preset>&gt;=</preset>
  <preset>&lt;=</preset>
  <preset>=</preset>
  <preset>!=</preset>
  <is-required>false</is-required>
  <attach-to-category>ProcessType</attach-to-category>
</cnf:field>
<cnf:field xmlns:cnf="http://genologics.com/ri/configuration" type="Numeric">
  <name>Criteria 2 - Threshold Value</name>
  <attach-to-name>Qubit QC (RNA) McGill 1.0</attach-to-name>
  <precision>2</precision>
  <show-in-lablink>true</show-in-lablink>
  <allow-non-preset-values>true</allow-non-preset-values>
  <first-preset-is-default-value>false</first-preset-is-default-value>
  <is-editable>true</is-editable>
  <is-required>false</is-required>
  <attach-to-category>ProcessType</attach-to-category>
</cnf:field>
<cnf:field xmlns:cnf="http://genologics.com/ri/configuration" type="Text">
  <name>Comments</name>
  <attach-to-name>Qubit QC (RNA) McGill 1.0</attach-to-name>
  <show-in-lablink>true</show-in-lablink>
  <allow-non-preset-values>true</allow-non-preset-values>
  <first-preset-is-default-value>false</first-preset-is-default-value>
  <is-editable>true</is-editable>
  <is-required>false</is-required>
  <attach-to-category>ProcessType</attach-to-category>
</cnf:field>
<cnf:field xmlns:cnf="http://genologics.com/ri/configuration" type="Text">
  <name>Comments</name>
  <attach-to-name>Tapestation QC (RNA) McGill 1.0</attach-to-name>
  <show-in-lablink>true</show-in-lablink>
  <allow-non-preset-values>true</allow-non-preset-values>
  <first-preset-is-default-value>false</first-preset-is-default-value>
  <is-editable>true</is-editable>
  <is-required>false</is-required>
  <attach-to-category>ProcessType</attach-to-category>
</cnf:field>
	</ProcessTypeUDFs>
	<ProcessTemplates>
<ptm:process-template xmlns:ptm="http://genologics.com/ri/processtemplate">
  <name>Tapestation</name>
  <type>Aggregate QC (RNA) McGill 1.0</type>
  <udf:field xmlns:udf="http://genologics.com/ri/userdefined" type="String" name="Copy task 1 - Source Field">Concentration</udf:field>
  <udf:field xmlns:udf="http://genologics.com/ri/userdefined" type="String" name="Copy task 1 - Source Step">Qubit QC (RNA) McGill 1.0</udf:field>
  <udf:field xmlns:udf="http://genologics.com/ri/userdefined" type="String" name="Copy task 2 - Source Field">Conc. Units</udf:field>
  <udf:field xmlns:udf="http://genologics.com/ri/userdefined" type="String" name="Copy task 2 - Source Step">Qubit QC (RNA) McGill 1.0</udf:field>
  <udf:field xmlns:udf="http://genologics.com/ri/userdefined" type="String" name="Copy task 3 - Source Field">RIN</udf:field>
  <udf:field xmlns:udf="http://genologics.com/ri/userdefined" type="String" name="Copy task 3 - Source Step">Tapestation QC (RNA) McGill 1.0</udf:field>
  <udf:field xmlns:udf="http://genologics.com/ri/userdefined" type="String" name="Femto Pulse QC (RNA) McGill 1.0">Use if available (Priority 5)</udf:field>
  <udf:field xmlns:udf="http://genologics.com/ri/userdefined" type="String" name="Qubit QC (RNA) McGill 1.0">Required (Priority 5)</udf:field>
  <udf:field xmlns:udf="http://genologics.com/ri/userdefined" type="String" name="Tapestation QC (RNA) McGill 1.0">Use if available (Priority 5)</udf:field>
  <is-default>false</is-default>
</ptm:process-template>
<ptm:process-template xmlns:ptm="http://genologics.com/ri/processtemplate">
  <name>Femto Pulse</name>
  <type>Aggregate QC (RNA) McGill 1.0</type>
  <udf:field xmlns:udf="http://genologics.com/ri/userdefined" type="String" name="Copy task 1 - Source Field">Concentration</udf:field>
  <udf:field xmlns:udf="http://genologics.com/ri/userdefined" type="String" name="Copy task 1 - Source Step">Qubit QC (RNA) McGill 1.0</udf:field>
  <udf:field xmlns:udf="http://genologics.com/ri/userdefined" type="String" name="Copy task 2 - Source Field">Conc. Units</udf:field>
  <udf:field xmlns:udf="http://genologics.com/ri/userdefined" type="String" name="Copy task 2 - Source Step">Qubit QC (RNA) McGill 1.0</udf:field>
  <udf:field xmlns:udf="http://genologics.com/ri/userdefined" type="String" name="Copy task 3 - Source Field">RIN</udf:field>
  <udf:field xmlns:udf="http://genologics.com/ri/userdefined" type="String" name="Copy task 3 - Source Step">Femto Pulse QC (RNA) McGill 1.0</udf:field>
  <udf:field xmlns:udf="http://genologics.com/ri/userdefined" type="String" name="Femto Pulse QC (RNA) McGill 1.0">Use if available (Priority 5)</udf:field>
  <udf:field xmlns:udf="http://genologics.com/ri/userdefined" type="String" name="Qubit QC (RNA) McGill 1.0">Required (Priority 5)</udf:field>
  <udf:field xmlns:udf="http://genologics.com/ri/userdefined" type="String" name="Tapestation QC (RNA) McGill 1.0">Use if available (Priority 5)</udf:field>
  <is-default>false</is-default>
</ptm:process-template>
<ptm:process-template xmlns:ptm="http://genologics.com/ri/processtemplate">
  <name>Bioanalyzer</name>
  <type>Aggregate QC (RNA) McGill 1.0</type>
  <udf:field xmlns:udf="http://genologics.com/ri/userdefined" type="String" name="Bioanalyzer QC (RNA) McGill 1.0">Use if available (Priority 5)</udf:field>
  <udf:field xmlns:udf="http://genologics.com/ri/userdefined" type="String" name="CaliperGX QC (RNA) McGill 1.0">Use if available (Priority 5)</udf:field>
  <udf:field xmlns:udf="http://genologics.com/ri/userdefined" type="String" name="Copy task 1 - Source Field">Concentration</udf:field>
  <udf:field xmlns:udf="http://genologics.com/ri/userdefined" type="String" name="Copy task 1 - Source Step">Qubit QC (RNA) McGill 1.0</udf:field>
  <udf:field xmlns:udf="http://genologics.com/ri/userdefined" type="String" name="Copy task 2 - Source Field">Conc. Units</udf:field>
  <udf:field xmlns:udf="http://genologics.com/ri/userdefined" type="String" name="Copy task 2 - Source Step">Qubit QC (RNA) McGill 1.0</udf:field>
  <udf:field xmlns:udf="http://genologics.com/ri/userdefined" type="String" name="Copy task 3 - Source Field">RIN</udf:field>
  <udf:field xmlns:udf="http://genologics.com/ri/userdefined" type="String" name="Copy task 3 - Source Step">Bioanalyzer QC (RNA) McGill 1.0</udf:field>
  <udf:field xmlns:udf="http://genologics.com/ri/userdefined" type="String" name="Femto Pulse QC (RNA) McGill 1.0">Use if available (Priority 5)</udf:field>
  <udf:field xmlns:udf="http://genologics.com/ri/userdefined" type="String" name="Qubit QC (RNA) McGill 1.0">Required (Priority 5)</udf:field>
  <udf:field xmlns:udf="http://genologics.com/ri/userdefined" type="String" name="Tapestation QC (RNA) McGill 1.0">Use if available (Priority 5)</udf:field>
  <is-default>false</is-default>
</ptm:process-template>
<ptm:process-template xmlns:ptm="http://genologics.com/ri/processtemplate">
  <name>CaliperGX</name>
  <type>Aggregate QC (RNA) McGill 1.0</type>
  <udf:field xmlns:udf="http://genologics.com/ri/userdefined" type="String" name="Bioanalyzer QC (RNA) McGill 1.0">Use if available (Priority 5)</udf:field>
  <udf:field xmlns:udf="http://genologics.com/ri/userdefined" type="String" name="CaliperGX QC (RNA) McGill 1.0">Use if available (Priority 5)</udf:field>
  <udf:field xmlns:udf="http://genologics.com/ri/userdefined" type="String" name="Copy task 1 - Source Field">Concentration</udf:field>
  <udf:field xmlns:udf="http://genologics.com/ri/userdefined" type="String" name="Copy task 1 - Source Step">Qubit QC (RNA) McGill 1.0</udf:field>
  <udf:field xmlns:udf="http://genologics.com/ri/userdefined" type="String" name="Copy task 2 - Source Field">Conc. Units</udf:field>
  <udf:field xmlns:udf="http://genologics.com/ri/userdefined" type="String" name="Copy task 2 - Source Step">Qubit QC (RNA) McGill 1.0</udf:field>
  <udf:field xmlns:udf="http://genologics.com/ri/userdefined" type="String" name="Copy task 3 - Source Field">RIN</udf:field>
  <udf:field xmlns:udf="http://genologics.com/ri/userdefined" type="String" name="Copy task 3 - Source Step">CaliperGX QC (RNA) McGill 1.0</udf:field>
  <udf:field xmlns:udf="http://genologics.com/ri/userdefined" type="String" name="Femto Pulse QC (RNA) McGill 1.0">Use if available (Priority 5)</udf:field>
  <udf:field xmlns:udf="http://genologics.com/ri/userdefined" type="String" name="Qubit QC (RNA) McGill 1.0">Required (Priority 5)</udf:field>
  <udf:field xmlns:udf="http://genologics.com/ri/userdefined" type="String" name="Tapestation QC (RNA) McGill 1.0">Use if available (Priority 5)</udf:field>
  <is-default>false</is-default>
</ptm:process-template>
	</ProcessTemplates>
	<Protocols>
<protcnf:protocol xmlns:protcnf="http://genologics.com/ri/protocolconfiguration" index="3" name="RNA Initial QC McGill">
  <steps>
    <step name="Qubit QC (RNA) McGill 1.0">
      <protocol-step-index>1</protocol-step-index>
      <process-type>Qubit QC (RNA) McGill 1.0</process-type>
      <permitted-containers>
        <container-type>Tube</container-type>
      </permitted-containers>
      <permitted-reagent-categories/>
      <required-reagent-kits/>
      <permitted-control-types/>
      <transitions/>
      <default-grouping>containerGroup</default-grouping>
      <queue-fields>
        <queue-field detail="false" style="BUILT_IN" attach-to="Analyte" name="Sample Name"/>
        <queue-field detail="false" style="BUILT_IN" attach-to="Container" name="Well"/>
        <queue-field detail="false" style="BUILT_IN" attach-to="Container" name="Container Name"/>
        <queue-field detail="true" style="BUILT_IN" attach-to="Project" name="Project Name"/>
        <queue-field detail="true" style="BUILT_IN" attach-to="Container" name="LIMS ID (Container)"/>
        <queue-field detail="false" style="BUILT_IN" attach-to="Analyte" name="Waiting"/>
      </queue-fields>
      <step-fields>
        <step-field style="USER_DEFINED" attach-to="ConfiguredProcess" name="Comments"/>
      </step-fields>
      <sample-fields>
        <sample-field style="BUILT_IN" attach-to="Analyte" name="Sample Name"/>
        <sample-field style="USER_DEFINED" attach-to="ResultFile" name="Concentration"/>
        <sample-field style="USER_DEFINED" attach-to="ResultFile" name="Conc. Units"/>
        <sample-field style="BUILT_IN" attach-to="Container" name="Well"/>
        <sample-field style="BUILT_IN" attach-to="Container" name="Container Name"/>
        <sample-field style="BUILT_IN" attach-to="Container" name="LIMS ID (Container)"/>
        <sample-field style="BUILT_IN" attach-to="Project" name="Project Name"/>
        <sample-field style="USER_DEFINED" attach-to="ResultFile" name="Comments"/>
      </sample-fields>
      <step-properties>
        <step-property value="true" name="qcProtocolStep"/>
        <step-property value="false" name="qcWithPlacement"/>
        <step-property value="false" name="eSignatureRequired"/>
        <step-property value="false" name="measurementWithFile"/>
        <step-property value="false" name="eppLocksNextSteps"/>
        <step-property value="false" name="autoStartNextStep"/>
        <step-property value="row" name="multiwellSortOrder"/>
        <step-property value="0/{InputItemName} Qubit" name="autoAttachFiles"/>
        <step-property value="" name="stepDetailsHeading"/>
        <step-property value="" name="sampleDetailsHeading"/>
        <step-property value="true" name="expandContainerGroupsCheckBox"/>
        <step-property value="false" name="arrangeFieldsHorizontally"/>
      </step-properties>
      <epp-triggers>
        <epp-trigger type="UNUSED" name="Assign QC flags"/>
      </epp-triggers>
    </step>
    <step name="Tapestation QC (RNA) McGill 1.0">
      <protocol-step-index>2</protocol-step-index>
      <process-type>Tapestation QC (RNA) McGill 1.0</process-type>
      <permitted-containers>
        <container-type>Tube</container-type>
      </permitted-containers>
      <permitted-reagent-categories/>
      <required-reagent-kits/>
      <permitted-control-types/>
      <transitions/>
      <default-grouping>containerGroup</default-grouping>
      <queue-fields>
        <queue-field detail="false" style="BUILT_IN" attach-to="Analyte" name="Sample Name"/>
        <queue-field detail="false" style="BUILT_IN" attach-to="Container" name="Well"/>
        <queue-field detail="false" style="BUILT_IN" attach-to="Container" name="Container Name"/>
        <queue-field detail="true" style="BUILT_IN" attach-to="Project" name="Project Name"/>
        <queue-field detail="true" style="BUILT_IN" attach-to="Container" name="LIMS ID (Container)"/>
        <queue-field detail="false" style="BUILT_IN" attach-to="Analyte" name="Waiting"/>
      </queue-fields>
      <step-fields>
        <step-field style="USER_DEFINED" attach-to="ConfiguredProcess" name="Comments"/>
      </step-fields>
      <sample-fields>
        <sample-field style="BUILT_IN" attach-to="Analyte" name="Sample Name"/>
        <sample-field style="USER_DEFINED" attach-to="ResultFile" name="RIN"/>
        <sample-field style="BUILT_IN" attach-to="Container" name="Well"/>
        <sample-field style="BUILT_IN" attach-to="Container" name="Container Name"/>
        <sample-field style="BUILT_IN" attach-to="Container" name="LIMS ID (Container)"/>
        <sample-field style="BUILT_IN" attach-to="Project" name="Project Name"/>
        <sample-field style="USER_DEFINED" attach-to="ResultFile" name="Comments"/>
      </sample-fields>
      <step-properties>
        <step-property value="true" name="qcProtocolStep"/>
        <step-property value="false" name="qcWithPlacement"/>
        <step-property value="false" name="eSignatureRequired"/>
        <step-property value="true" name="measurementWithFile"/>
        <step-property value="false" name="eppLocksNextSteps"/>
        <step-property value="false" name="autoStartNextStep"/>
        <step-property value="row" name="multiwellSortOrder"/>
        <step-property value="0/{LIST:TapeStation Input SampleTable,Sample Table Generation Log,Tapestation Output XML,Tapestation XML Parsing Log}|1/{LIST:TapeStation Input SampleTable,Sample Table Generation Log,Tapestation Output XML,Tapestation XML Parsing Log}|3/{LIST:TapeStation Input SampleTable,Sample Table Generation Log,Tapestation Output XML,Tapestation XML Parsing Log}" name="autoAttachFiles"/>
        <step-property value="" name="stepDetailsHeading"/>
        <step-property value="" name="sampleDetailsHeading"/>
        <step-property value="true" name="expandContainerGroupsCheckBox"/>
        <step-property value="false" name="arrangeFieldsHorizontally"/>
      </step-properties>
      <epp-triggers>
        <epp-trigger status="RECORD_DETAILS" point="BEFORE" type="AUTOMATIC" name="Generate Tapestation Input Sampletable CSV"/>
        <epp-trigger type="MANUAL" name="Parse Tapestation XML"/>
      </epp-triggers>
    </step>
    <step name="Aggregate QC (RNA) McGill 1.0">
      <protocol-step-index>3</protocol-step-index>
      <process-type>Aggregate QC (RNA) McGill 1.0</process-type>
      <permitted-containers>
        <container-type>Tube</container-type>
      </permitted-containers>
      <permitted-reagent-categories/>
      <required-reagent-kits/>
      <permitted-control-types/>
      <transitions/>
      <default-grouping>containerGroup</default-grouping>
      <queue-fields>
        <queue-field detail="false" style="BUILT_IN" attach-to="Analyte" name="Sample Name"/>
        <queue-field detail="false" style="BUILT_IN" attach-to="Container" name="Well"/>
        <queue-field detail="false" style="BUILT_IN" attach-to="Container" name="Container Name"/>
        <queue-field detail="true" style="BUILT_IN" attach-to="Project" name="Project Name"/>
        <queue-field detail="true" style="BUILT_IN" attach-to="Container" name="LIMS ID (Container)"/>
        <queue-field detail="false" style="BUILT_IN" attach-to="Analyte" name="Waiting"/>
      </queue-fields>
      <step-fields>
        <step-field style="USER_DEFINED" attach-to="ConfiguredProcess" name="Copy task 1 - Source Step"/>
        <step-field style="USER_DEFINED" attach-to="ConfiguredProcess" name="Copy task 1 - Source Field"/>
        <step-field style="USER_DEFINED" attach-to="ConfiguredProcess" name="Copy task 2 - Source Step"/>
        <step-field style="USER_DEFINED" attach-to="ConfiguredProcess" name="Copy task 2 - Source Field"/>
        <step-field style="USER_DEFINED" attach-to="ConfiguredProcess" name="Qubit QC (RNA) McGill 1.0"/>
        <step-field style="USER_DEFINED" attach-to="ConfiguredProcess" name="Tapestation QC (RNA) McGill 1.0"/>
        <step-field style="USER_DEFINED" attach-to="ConfiguredProcess" name="Comments"/>
      </step-fields>
      <sample-fields>
        <sample-field style="BUILT_IN" attach-to="Analyte" name="Sample Name"/>
        <sample-field style="USER_DEFINED" attach-to="Analyte" name="Concentration"/>
        <sample-field style="USER_DEFINED" attach-to="Analyte" name="Conc. Units"/>
        <sample-field style="BUILT_IN" attach-to="Container" name="Well"/>
        <sample-field style="BUILT_IN" attach-to="Container" name="Container Name"/>
        <sample-field style="BUILT_IN" attach-to="Container" name="LIMS ID (Container)"/>
        <sample-field style="BUILT_IN" attach-to="Project" name="Project Name"/>
        <sample-field style="USER_DEFINED" attach-to="Analyte" name="Comments"/>
      </sample-fields>
      <step-properties>
        <step-property value="Tapestation" name="defaultProcessTemplate"/>
        <step-property value="true" name="qcProtocolStep"/>
        <step-property value="false" name="qcWithPlacement"/>
        <step-property value="false" name="eSignatureRequired"/>
        <step-property value="false" name="measurementWithFile"/>
        <step-property value="false" name="eppLocksNextSteps"/>
        <step-property value="false" name="autoStartNextStep"/>
        <step-property value="row" name="multiwellSortOrder"/>
        <step-property value="0/{LIST:QC UDF Copy Log,Aggregation Script Log,QC Flag Aggregation Log}|1/{LIST:QC UDF Copy Log,Aggregation Script Log,QC Flag Aggregation Log}|2/{LIST:QC UDF Copy Log,Aggregation Script Log,QC Flag Aggregation Log}" name="autoAttachFiles"/>
        <step-property value="" name="stepDetailsHeading"/>
        <step-property value="" name="sampleDetailsHeading"/>
        <step-property value="true" name="expandContainerGroupsCheckBox"/>
        <step-property value="false" name="arrangeFieldsHorizontally"/>
      </step-properties>
      <epp-triggers>
        <epp-trigger type="MANUAL" name="Aggregate QC Flags and Copy Fields"/>
      </epp-triggers>
    </step>
  </steps>
  <protocol-properties>
    <protocol-property value="false" name="hidden"/>
    <protocol-property value="0" name="capacity"/>
    <protocol-property value="qc" name="type"/>
  </protocol-properties>
</protcnf:protocol>
	</Protocols>
</config>
