<config ApiVersion="v2,r27" ConfigSlicerVersion="3.2.0.7">
	<ContainerTypes>
<ctp:container-type xmlns:ctp="http://genologics.com/ri/containertype" name="96 well plate">
  <is-tube>false</is-tube>
  <x-dimension>
    <is-alpha>false</is-alpha>
    <offset>1</offset>
    <size>12</size>
  </x-dimension>
  <y-dimension>
    <is-alpha>true</is-alpha>
    <offset>0</offset>
    <size>8</size>
  </y-dimension>
</ctp:container-type>
	</ContainerTypes>
	<ReagentTypes>
<rtp:reagent-type xmlns:rtp="http://genologics.com/ri/reagenttype" name="MGI01_A01_Barcode_1">
  <special-type name="Index">
    <attribute value="TAGGTCCGAT" name="Sequence"/>
  </special-type>
  <reagent-category>MGI Easy DNA Adaptors (96)</reagent-category>
</rtp:reagent-type>
<rtp:reagent-type xmlns:rtp="http://genologics.com/ri/reagenttype" name="MGI02_B01_Barcode_2">
  <special-type name="Index">
    <attribute value="GGACGGAATC" name="Sequence"/>
  </special-type>
  <reagent-category>MGI Easy DNA Adaptors (96)</reagent-category>
</rtp:reagent-type>
<rtp:reagent-type xmlns:rtp="http://genologics.com/ri/reagenttype" name="MGI03_C01_Barcode_3">
  <special-type name="Index">
    <attribute value="CTTACTGCCG" name="Sequence"/>
  </special-type>
  <reagent-category>MGI Easy DNA Adaptors (96)</reagent-category>
</rtp:reagent-type>
<rtp:reagent-type xmlns:rtp="http://genologics.com/ri/reagenttype" name="MGI04_D01_Barcode_4">
  <special-type name="Index">
    <attribute value="ACCTAATTGA" name="Sequence"/>
  </special-type>
  <reagent-category>MGI Easy DNA Adaptors (96)</reagent-category>
</rtp:reagent-type>
<rtp:reagent-type xmlns:rtp="http://genologics.com/ri/reagenttype" name="MGI05_E01_Barcode_13">
  <special-type name="Index">
    <attribute value="CGGCAATCCG" name="Sequence"/>
  </special-type>
  <reagent-category>MGI Easy DNA Adaptors (96)</reagent-category>
</rtp:reagent-type>
<rtp:reagent-type xmlns:rtp="http://genologics.com/ri/reagenttype" name="MGI06_F01_Barcode_14">
  <special-type name="Index">
    <attribute value="ATCAGGATTC" name="Sequence"/>
  </special-type>
  <reagent-category>MGI Easy DNA Adaptors (96)</reagent-category>
</rtp:reagent-type>
<rtp:reagent-type xmlns:rtp="http://genologics.com/ri/reagenttype" name="MGI07_G01_Barcode_15">
  <special-type name="Index">
    <attribute value="TCATTCCAGA" name="Sequence"/>
  </special-type>
  <reagent-category>MGI Easy DNA Adaptors (96)</reagent-category>
</rtp:reagent-type>
<rtp:reagent-type xmlns:rtp="http://genologics.com/ri/reagenttype" name="MGI08_H01_Barcode_16">
  <special-type name="Index">
    <attribute value="GATGCTGGAT" name="Sequence"/>
  </special-type>
  <reagent-category>MGI Easy DNA Adaptors (96)</reagent-category>
</rtp:reagent-type>
<rtp:reagent-type xmlns:rtp="http://genologics.com/ri/reagenttype" name="MGI09_A02_Barcode_41">
  <special-type name="Index">
    <attribute value="TTAGATGCAT" name="Sequence"/>
  </special-type>
  <reagent-category>MGI Easy DNA Adaptors (96)</reagent-category>
</rtp:reagent-type>
<rtp:reagent-type xmlns:rtp="http://genologics.com/ri/reagenttype" name="MGI10_B02_Barcode_42">
  <special-type name="Index">
    <attribute value="GTCCAGAGCT" name="Sequence"/>
  </special-type>
  <reagent-category>MGI Easy DNA Adaptors (96)</reagent-category>
</rtp:reagent-type>
<rtp:reagent-type xmlns:rtp="http://genologics.com/ri/reagenttype" name="MGI11_C02_Barcode_43">
  <special-type name="Index">
    <attribute value="CACGTGATAG" name="Sequence"/>
  </special-type>
  <reagent-category>MGI Easy DNA Adaptors (96)</reagent-category>
</rtp:reagent-type>
<rtp:reagent-type xmlns:rtp="http://genologics.com/ri/reagenttype" name="MGI12_D02_Barcode_44">
  <special-type name="Index">
    <attribute value="CCACTAGTCC" name="Sequence"/>
  </special-type>
  <reagent-category>MGI Easy DNA Adaptors (96)</reagent-category>
</rtp:reagent-type>
<rtp:reagent-type xmlns:rtp="http://genologics.com/ri/reagenttype" name="MGI13_E02_Barcode_45">
  <special-type name="Index">
    <attribute value="TGGACTTGGC" name="Sequence"/>
  </special-type>
  <reagent-category>MGI Easy DNA Adaptors (96)</reagent-category>
</rtp:reagent-type>
<rtp:reagent-type xmlns:rtp="http://genologics.com/ri/reagenttype" name="MGI14_F02_Barcode_46">
  <special-type name="Index">
    <attribute value="GCTTGACAGG" name="Sequence"/>
  </special-type>
  <reagent-category>MGI Easy DNA Adaptors (96)</reagent-category>
</rtp:reagent-type>
<rtp:reagent-type xmlns:rtp="http://genologics.com/ri/reagenttype" name="MGI15_G02_Barcode_47">
  <special-type name="Index">
    <attribute value="AAGACCTCTA" name="Sequence"/>
  </special-type>
  <reagent-category>MGI Easy DNA Adaptors (96)</reagent-category>
</rtp:reagent-type>
<rtp:reagent-type xmlns:rtp="http://genologics.com/ri/reagenttype" name="MGI16_H02_Barcode_48">
  <special-type name="Index">
    <attribute value="AGTTGCCATA" name="Sequence"/>
  </special-type>
  <reagent-category>MGI Easy DNA Adaptors (96)</reagent-category>
</rtp:reagent-type>
<rtp:reagent-type xmlns:rtp="http://genologics.com/ri/reagenttype" name="MGI17_A03_Barcode_57">
  <special-type name="Index">
    <attribute value="ATTCAACGGA" name="Sequence"/>
  </special-type>
  <reagent-category>MGI Easy DNA Adaptors (96)</reagent-category>
</rtp:reagent-type>
<rtp:reagent-type xmlns:rtp="http://genologics.com/ri/reagenttype" name="MGI18_B03_Barcode_58">
  <special-type name="Index">
    <attribute value="AACTGTACTG" name="Sequence"/>
  </special-type>
  <reagent-category>MGI Easy DNA Adaptors (96)</reagent-category>
</rtp:reagent-type>
<rtp:reagent-type xmlns:rtp="http://genologics.com/ri/reagenttype" name="MGI19_C03_Barcode_59">
  <special-type name="Index">
    <attribute value="GTACCTCAAT" name="Sequence"/>
  </special-type>
  <reagent-category>MGI Easy DNA Adaptors (96)</reagent-category>
</rtp:reagent-type>
<rtp:reagent-type xmlns:rtp="http://genologics.com/ri/reagenttype" name="MGI20_D03_Barcode_60">
  <special-type name="Index">
    <attribute value="GACTTCTAAT" name="Sequence"/>
  </special-type>
  <reagent-category>MGI Easy DNA Adaptors (96)</reagent-category>
</rtp:reagent-type>
<rtp:reagent-type xmlns:rtp="http://genologics.com/ri/reagenttype" name="MGI21_E03_Barcode_61">
  <special-type name="Index">
    <attribute value="TGAAGCGTTG" name="Sequence"/>
  </special-type>
  <reagent-category>MGI Easy DNA Adaptors (96)</reagent-category>
</rtp:reagent-type>
<rtp:reagent-type xmlns:rtp="http://genologics.com/ri/reagenttype" name="MGI22_F03_Barcode_62">
  <special-type name="Index">
    <attribute value="CGTGCGATCC" name="Sequence"/>
  </special-type>
  <reagent-category>MGI Easy DNA Adaptors (96)</reagent-category>
</rtp:reagent-type>
<rtp:reagent-type xmlns:rtp="http://genologics.com/ri/reagenttype" name="MGI23_G03_Barcode_63">
  <special-type name="Index">
    <attribute value="TCGGAAGGCA" name="Sequence"/>
  </special-type>
  <reagent-category>MGI Easy DNA Adaptors (96)</reagent-category>
</rtp:reagent-type>
<rtp:reagent-type xmlns:rtp="http://genologics.com/ri/reagenttype" name="MGI24_H03_Barcode_64">
  <special-type name="Index">
    <attribute value="CCGATGTCGC" name="Sequence"/>
  </special-type>
  <reagent-category>MGI Easy DNA Adaptors (96)</reagent-category>
</rtp:reagent-type>
<rtp:reagent-type xmlns:rtp="http://genologics.com/ri/reagenttype" name="MGI25_A04_Barcode_65">
  <special-type name="Index">
    <attribute value="ACTTAGAATG" name="Sequence"/>
  </special-type>
  <reagent-category>MGI Easy DNA Adaptors (96)</reagent-category>
</rtp:reagent-type>
<rtp:reagent-type xmlns:rtp="http://genologics.com/ri/reagenttype" name="MGI26_B04_Barcode_66">
  <special-type name="Index">
    <attribute value="TCCAAGCCTG" name="Sequence"/>
  </special-type>
  <reagent-category>MGI Easy DNA Adaptors (96)</reagent-category>
</rtp:reagent-type>
<rtp:reagent-type xmlns:rtp="http://genologics.com/ri/reagenttype" name="MGI27_C04_Barcode_67">
  <special-type name="Index">
    <attribute value="AGACGATGAT" name="Sequence"/>
  </special-type>
  <reagent-category>MGI Easy DNA Adaptors (96)</reagent-category>
</rtp:reagent-type>
<rtp:reagent-type xmlns:rtp="http://genologics.com/ri/reagenttype" name="MGI28_D04_Barcode_68">
  <special-type name="Index">
    <attribute value="CTCACAAGAC" name="Sequence"/>
  </special-type>
  <reagent-category>MGI Easy DNA Adaptors (96)</reagent-category>
</rtp:reagent-type>
<rtp:reagent-type xmlns:rtp="http://genologics.com/ri/reagenttype" name="MGI29_E04_Barcode_69">
  <special-type name="Index">
    <attribute value="CGTTCCTACT" name="Sequence"/>
  </special-type>
  <reagent-category>MGI Easy DNA Adaptors (96)</reagent-category>
</rtp:reagent-type>
<rtp:reagent-type xmlns:rtp="http://genologics.com/ri/reagenttype" name="MGI30_F04_Barcode_70">
  <special-type name="Index">
    <attribute value="GTGGTTGTGA" name="Sequence"/>
  </special-type>
  <reagent-category>MGI Easy DNA Adaptors (96)</reagent-category>
</rtp:reagent-type>
<rtp:reagent-type xmlns:rtp="http://genologics.com/ri/reagenttype" name="MGI31_G04_Barcode_71">
  <special-type name="Index">
    <attribute value="GAAGGCCTGC" name="Sequence"/>
  </special-type>
  <reagent-category>MGI Easy DNA Adaptors (96)</reagent-category>
</rtp:reagent-type>
<rtp:reagent-type xmlns:rtp="http://genologics.com/ri/reagenttype" name="MGI32_H04_Barcode_72">
  <special-type name="Index">
    <attribute value="TAGCTTGCCA" name="Sequence"/>
  </special-type>
  <reagent-category>MGI Easy DNA Adaptors (96)</reagent-category>
</rtp:reagent-type>
<rtp:reagent-type xmlns:rtp="http://genologics.com/ri/reagenttype" name="MGI33_A05_Barcode_73">
  <special-type name="Index">
    <attribute value="GACAATGCTC" name="Sequence"/>
  </special-type>
  <reagent-category>MGI Easy DNA Adaptors (96)</reagent-category>
</rtp:reagent-type>
<rtp:reagent-type xmlns:rtp="http://genologics.com/ri/reagenttype" name="MGI34_B05_Barcode_74">
  <special-type name="Index">
    <attribute value="GCTAATCACA" name="Sequence"/>
  </special-type>
  <reagent-category>MGI Easy DNA Adaptors (96)</reagent-category>
</rtp:reagent-type>
<rtp:reagent-type xmlns:rtp="http://genologics.com/ri/reagenttype" name="MGI35_C05_Barcode_75">
  <special-type name="Index">
    <attribute value="AGTCCATAGG" name="Sequence"/>
  </special-type>
  <reagent-category>MGI Easy DNA Adaptors (96)</reagent-category>
</rtp:reagent-type>
<rtp:reagent-type xmlns:rtp="http://genologics.com/ri/reagenttype" name="MGI36_D05_Barcode_76">
  <special-type name="Index">
    <attribute value="CTATCGCCTA" name="Sequence"/>
  </special-type>
  <reagent-category>MGI Easy DNA Adaptors (96)</reagent-category>
</rtp:reagent-type>
<rtp:reagent-type xmlns:rtp="http://genologics.com/ri/reagenttype" name="MGI37_E05_Barcode_77">
  <special-type name="Index">
    <attribute value="ATCGTGGTCT" name="Sequence"/>
  </special-type>
  <reagent-category>MGI Easy DNA Adaptors (96)</reagent-category>
</rtp:reagent-type>
<rtp:reagent-type xmlns:rtp="http://genologics.com/ri/reagenttype" name="MGI38_F05_Barcode_78">
  <special-type name="Index">
    <attribute value="TGGCTAATAC" name="Sequence"/>
  </special-type>
  <reagent-category>MGI Easy DNA Adaptors (96)</reagent-category>
</rtp:reagent-type>
<rtp:reagent-type xmlns:rtp="http://genologics.com/ri/reagenttype" name="MGI39_G05_Barcode_79">
  <special-type name="Index">
    <attribute value="CAGTGCAGAG" name="Sequence"/>
  </special-type>
  <reagent-category>MGI Easy DNA Adaptors (96)</reagent-category>
</rtp:reagent-type>
<rtp:reagent-type xmlns:rtp="http://genologics.com/ri/reagenttype" name="MGI40_H05_Barcode_80">
  <special-type name="Index">
    <attribute value="TCAGGCTGGT" name="Sequence"/>
  </special-type>
  <reagent-category>MGI Easy DNA Adaptors (96)</reagent-category>
</rtp:reagent-type>
<rtp:reagent-type xmlns:rtp="http://genologics.com/ri/reagenttype" name="MGI41_A06_Barcode_81">
  <special-type name="Index">
    <attribute value="ATACTCACGC" name="Sequence"/>
  </special-type>
  <reagent-category>MGI Easy DNA Adaptors (96)</reagent-category>
</rtp:reagent-type>
<rtp:reagent-type xmlns:rtp="http://genologics.com/ri/reagenttype" name="MGI42_B06_Barcode_82">
  <special-type name="Index">
    <attribute value="ATGCTCCGCG" name="Sequence"/>
  </special-type>
  <reagent-category>MGI Easy DNA Adaptors (96)</reagent-category>
</rtp:reagent-type>
<rtp:reagent-type xmlns:rtp="http://genologics.com/ri/reagenttype" name="MGI43_C06_Barcode_83">
  <special-type name="Index">
    <attribute value="TGTGAACTTG" name="Sequence"/>
  </special-type>
  <reagent-category>MGI Easy DNA Adaptors (96)</reagent-category>
</rtp:reagent-type>
<rtp:reagent-type xmlns:rtp="http://genologics.com/ri/reagenttype" name="MGI44_D06_Barcode_84">
  <special-type name="Index">
    <attribute value="GAGAGGTGCT" name="Sequence"/>
  </special-type>
  <reagent-category>MGI Easy DNA Adaptors (96)</reagent-category>
</rtp:reagent-type>
<rtp:reagent-type xmlns:rtp="http://genologics.com/ri/reagenttype" name="MGI45_E06_Barcode_85">
  <special-type name="Index">
    <attribute value="TGCACTGTAA" name="Sequence"/>
  </special-type>
  <reagent-category>MGI Easy DNA Adaptors (96)</reagent-category>
</rtp:reagent-type>
<rtp:reagent-type xmlns:rtp="http://genologics.com/ri/reagenttype" name="MGI46_F06_Barcode_86">
  <special-type name="Index">
    <attribute value="GCCTAGGCAA" name="Sequence"/>
  </special-type>
  <reagent-category>MGI Easy DNA Adaptors (96)</reagent-category>
</rtp:reagent-type>
<rtp:reagent-type xmlns:rtp="http://genologics.com/ri/reagenttype" name="MGI47_G06_Barcode_87">
  <special-type name="Index">
    <attribute value="CCATCATAGC" name="Sequence"/>
  </special-type>
  <reagent-category>MGI Easy DNA Adaptors (96)</reagent-category>
</rtp:reagent-type>
<rtp:reagent-type xmlns:rtp="http://genologics.com/ri/reagenttype" name="MGI48_H06_Barcode_88">
  <special-type name="Index">
    <attribute value="CATGGTAATT" name="Sequence"/>
  </special-type>
  <reagent-category>MGI Easy DNA Adaptors (96)</reagent-category>
</rtp:reagent-type>
<rtp:reagent-type xmlns:rtp="http://genologics.com/ri/reagenttype" name="MGI49_A07_Barcode_89">
  <special-type name="Index">
    <attribute value="CACCATGTCT" name="Sequence"/>
  </special-type>
  <reagent-category>MGI Easy DNA Adaptors (96)</reagent-category>
</rtp:reagent-type>
<rtp:reagent-type xmlns:rtp="http://genologics.com/ri/reagenttype" name="MGI50_B07_Barcode_90">
  <special-type name="Index">
    <attribute value="ATATGTCTGG" name="Sequence"/>
  </special-type>
  <reagent-category>MGI Easy DNA Adaptors (96)</reagent-category>
</rtp:reagent-type>
<rtp:reagent-type xmlns:rtp="http://genologics.com/ri/reagenttype" name="MGI51_C07_Barcode_91">
  <special-type name="Index">
    <attribute value="AAGGAAGCGT" name="Sequence"/>
  </special-type>
  <reagent-category>MGI Easy DNA Adaptors (96)</reagent-category>
</rtp:reagent-type>
<rtp:reagent-type xmlns:rtp="http://genologics.com/ri/reagenttype" name="MGI52_D07_Barcode_92">
  <special-type name="Index">
    <attribute value="TCAAGACGTC" name="Sequence"/>
  </special-type>
  <reagent-category>MGI Easy DNA Adaptors (96)</reagent-category>
</rtp:reagent-type>
<rtp:reagent-type xmlns:rtp="http://genologics.com/ri/reagenttype" name="MGI53_E07_Barcode_93">
  <special-type name="Index">
    <attribute value="CCGCTCAGTA" name="Sequence"/>
  </special-type>
  <reagent-category>MGI Easy DNA Adaptors (96)</reagent-category>
</rtp:reagent-type>
<rtp:reagent-type xmlns:rtp="http://genologics.com/ri/reagenttype" name="MGI54_F07_Barcode_94">
  <special-type name="Index">
    <attribute value="GGTGTGTACA" name="Sequence"/>
  </special-type>
  <reagent-category>MGI Easy DNA Adaptors (96)</reagent-category>
</rtp:reagent-type>
<rtp:reagent-type xmlns:rtp="http://genologics.com/ri/reagenttype" name="MGI55_G07_Barcode_95">
  <special-type name="Index">
    <attribute value="TTCACGTAAG" name="Sequence"/>
  </special-type>
  <reagent-category>MGI Easy DNA Adaptors (96)</reagent-category>
</rtp:reagent-type>
<rtp:reagent-type xmlns:rtp="http://genologics.com/ri/reagenttype" name="MGI56_H07_Barcode_96">
  <special-type name="Index">
    <attribute value="GGTTCCACAC" name="Sequence"/>
  </special-type>
  <reagent-category>MGI Easy DNA Adaptors (96)</reagent-category>
</rtp:reagent-type>
<rtp:reagent-type xmlns:rtp="http://genologics.com/ri/reagenttype" name="MGI57_A08_Barcode_97">
  <special-type name="Index">
    <attribute value="AGGTATTCTT" name="Sequence"/>
  </special-type>
  <reagent-category>MGI Easy DNA Adaptors (96)</reagent-category>
</rtp:reagent-type>
<rtp:reagent-type xmlns:rtp="http://genologics.com/ri/reagenttype" name="MGI58_B08_Barcode_98">
  <special-type name="Index">
    <attribute value="CGAATGCAAC" name="Sequence"/>
  </special-type>
  <reagent-category>MGI Easy DNA Adaptors (96)</reagent-category>
</rtp:reagent-type>
<rtp:reagent-type xmlns:rtp="http://genologics.com/ri/reagenttype" name="MGI59_C08_Barcode_99">
  <special-type name="Index">
    <attribute value="TTCAACGGCG" name="Sequence"/>
  </special-type>
  <reagent-category>MGI Easy DNA Adaptors (96)</reagent-category>
</rtp:reagent-type>
<rtp:reagent-type xmlns:rtp="http://genologics.com/ri/reagenttype" name="MGI60_D08_Barcode_100">
  <special-type name="Index">
    <attribute value="CTCGGCGGAA" name="Sequence"/>
  </special-type>
  <reagent-category>MGI Easy DNA Adaptors (96)</reagent-category>
</rtp:reagent-type>
<rtp:reagent-type xmlns:rtp="http://genologics.com/ri/reagenttype" name="MGI61_E08_Barcode_101">
  <special-type name="Index">
    <attribute value="ACGGTAATGG" name="Sequence"/>
  </special-type>
  <reagent-category>MGI Easy DNA Adaptors (96)</reagent-category>
</rtp:reagent-type>
<rtp:reagent-type xmlns:rtp="http://genologics.com/ri/reagenttype" name="MGI62_F08_Barcode_102">
  <special-type name="Index">
    <attribute value="GATCCGACGT" name="Sequence"/>
  </special-type>
  <reagent-category>MGI Easy DNA Adaptors (96)</reagent-category>
</rtp:reagent-type>
<rtp:reagent-type xmlns:rtp="http://genologics.com/ri/reagenttype" name="MGI63_G08_Barcode_103">
  <special-type name="Index">
    <attribute value="TCACGATACA" name="Sequence"/>
  </special-type>
  <reagent-category>MGI Easy DNA Adaptors (96)</reagent-category>
</rtp:reagent-type>
<rtp:reagent-type xmlns:rtp="http://genologics.com/ri/reagenttype" name="MGI64_H08_Barcode_104">
  <special-type name="Index">
    <attribute value="GATTCTCTTC" name="Sequence"/>
  </special-type>
  <reagent-category>MGI Easy DNA Adaptors (96)</reagent-category>
</rtp:reagent-type>
<rtp:reagent-type xmlns:rtp="http://genologics.com/ri/reagenttype" name="MGI65_A09_Barcode_121">
  <special-type name="Index">
    <attribute value="CCTTGATCAA" name="Sequence"/>
  </special-type>
  <reagent-category>MGI Easy DNA Adaptors (96)</reagent-category>
</rtp:reagent-type>
<rtp:reagent-type xmlns:rtp="http://genologics.com/ri/reagenttype" name="MGI66_B09_Barcode_122">
  <special-type name="Index">
    <attribute value="GGAAGTGGCA" name="Sequence"/>
  </special-type>
  <reagent-category>MGI Easy DNA Adaptors (96)</reagent-category>
</rtp:reagent-type>
<rtp:reagent-type xmlns:rtp="http://genologics.com/ri/reagenttype" name="MGI67_C09_Barcode_123">
  <special-type name="Index">
    <attribute value="AACATTCTAC" name="Sequence"/>
  </special-type>
  <reagent-category>MGI Easy DNA Adaptors (96)</reagent-category>
</rtp:reagent-type>
<rtp:reagent-type xmlns:rtp="http://genologics.com/ri/reagenttype" name="MGI68_D09_Barcode_124">
  <special-type name="Index">
    <attribute value="GACGCGAGTC" name="Sequence"/>
  </special-type>
  <reagent-category>MGI Easy DNA Adaptors (96)</reagent-category>
</rtp:reagent-type>
<rtp:reagent-type xmlns:rtp="http://genologics.com/ri/reagenttype" name="MGI69_E09_Barcode_125">
  <special-type name="Index">
    <attribute value="CTATAACACT" name="Sequence"/>
  </special-type>
  <reagent-category>MGI Easy DNA Adaptors (96)</reagent-category>
</rtp:reagent-type>
<rtp:reagent-type xmlns:rtp="http://genologics.com/ri/reagenttype" name="MGI70_F09_Barcode_126">
  <special-type name="Index">
    <attribute value="AGTCTCGTGT" name="Sequence"/>
  </special-type>
  <reagent-category>MGI Easy DNA Adaptors (96)</reagent-category>
</rtp:reagent-type>
<rtp:reagent-type xmlns:rtp="http://genologics.com/ri/reagenttype" name="MGI71_G09_Barcode_127">
  <special-type name="Index">
    <attribute value="TCGGCCTATG" name="Sequence"/>
  </special-type>
  <reagent-category>MGI Easy DNA Adaptors (96)</reagent-category>
</rtp:reagent-type>
<rtp:reagent-type xmlns:rtp="http://genologics.com/ri/reagenttype" name="MGI72_H09_Barcode_128">
  <special-type name="Index">
    <attribute value="TTGCAGACGG" name="Sequence"/>
  </special-type>
  <reagent-category>MGI Easy DNA Adaptors (96)</reagent-category>
</rtp:reagent-type>
<rtp:reagent-type xmlns:rtp="http://genologics.com/ri/reagenttype" name="MGI73_A10_Barcode_25">
  <special-type name="Index">
    <attribute value="TAGAGGACAA" name="Sequence"/>
  </special-type>
  <reagent-category>MGI Easy DNA Adaptors (96)</reagent-category>
</rtp:reagent-type>
<rtp:reagent-type xmlns:rtp="http://genologics.com/ri/reagenttype" name="MGI74_B10_Barcode_26">
  <special-type name="Index">
    <attribute value="CCTAGCGAAT" name="Sequence"/>
  </special-type>
  <reagent-category>MGI Easy DNA Adaptors (96)</reagent-category>
</rtp:reagent-type>
<rtp:reagent-type xmlns:rtp="http://genologics.com/ri/reagenttype" name="MGI75_C10_Barcode_117">
  <special-type name="Index">
    <attribute value="ATGTCTATCC" name="Sequence"/>
  </special-type>
  <reagent-category>MGI Easy DNA Adaptors (96)</reagent-category>
</rtp:reagent-type>
<rtp:reagent-type xmlns:rtp="http://genologics.com/ri/reagenttype" name="MGI76_D10_Barcode_28">
  <special-type name="Index">
    <attribute value="GCTGAGCTGT" name="Sequence"/>
  </special-type>
  <reagent-category>MGI Easy DNA Adaptors (96)</reagent-category>
</rtp:reagent-type>
<rtp:reagent-type xmlns:rtp="http://genologics.com/ri/reagenttype" name="MGI77_E10_Barcode_29">
  <special-type name="Index">
    <attribute value="AACCTAGATA" name="Sequence"/>
  </special-type>
  <reagent-category>MGI Easy DNA Adaptors (96)</reagent-category>
</rtp:reagent-type>
<rtp:reagent-type xmlns:rtp="http://genologics.com/ri/reagenttype" name="MGI78_F10_Barcode_30">
  <special-type name="Index">
    <attribute value="TTGCCATCTC" name="Sequence"/>
  </special-type>
  <reagent-category>MGI Easy DNA Adaptors (96)</reagent-category>
</rtp:reagent-type>
<rtp:reagent-type xmlns:rtp="http://genologics.com/ri/reagenttype" name="MGI79_G10_Barcode_114">
  <special-type name="Index">
    <attribute value="CCAGAGTCAG" name="Sequence"/>
  </special-type>
  <reagent-category>MGI Easy DNA Adaptors (96)</reagent-category>
</rtp:reagent-type>
<rtp:reagent-type xmlns:rtp="http://genologics.com/ri/reagenttype" name="MGI80_H10_Barcode_32">
  <special-type name="Index">
    <attribute value="CGCTATCGGC" name="Sequence"/>
  </special-type>
  <reagent-category>MGI Easy DNA Adaptors (96)</reagent-category>
</rtp:reagent-type>
<rtp:reagent-type xmlns:rtp="http://genologics.com/ri/reagenttype" name="MGI81_A11_Barcode_33">
  <special-type name="Index">
    <attribute value="GCAACGATGG" name="Sequence"/>
  </special-type>
  <reagent-category>MGI Easy DNA Adaptors (96)</reagent-category>
</rtp:reagent-type>
<rtp:reagent-type xmlns:rtp="http://genologics.com/ri/reagenttype" name="MGI82_B11_Barcode_34">
  <special-type name="Index">
    <attribute value="TAATCGTTCA" name="Sequence"/>
  </special-type>
  <reagent-category>MGI Easy DNA Adaptors (96)</reagent-category>
</rtp:reagent-type>
<rtp:reagent-type xmlns:rtp="http://genologics.com/ri/reagenttype" name="MGI83_C11_Barcode_35">
  <special-type name="Index">
    <attribute value="GTTCGCTCTA" name="Sequence"/>
  </special-type>
  <reagent-category>MGI Easy DNA Adaptors (96)</reagent-category>
</rtp:reagent-type>
<rtp:reagent-type xmlns:rtp="http://genologics.com/ri/reagenttype" name="MGI84_D11_Barcode_36">
  <special-type name="Index">
    <attribute value="TCTCACACAT" name="Sequence"/>
  </special-type>
  <reagent-category>MGI Easy DNA Adaptors (96)</reagent-category>
</rtp:reagent-type>
<rtp:reagent-type xmlns:rtp="http://genologics.com/ri/reagenttype" name="MGI85_E11_Barcode_37">
  <special-type name="Index">
    <attribute value="CTGTTAGGAT" name="Sequence"/>
  </special-type>
  <reagent-category>MGI Easy DNA Adaptors (96)</reagent-category>
</rtp:reagent-type>
<rtp:reagent-type xmlns:rtp="http://genologics.com/ri/reagenttype" name="MGI86_F11_Barcode_38">
  <special-type name="Index">
    <attribute value="CGCAGACGCG" name="Sequence"/>
  </special-type>
  <reagent-category>MGI Easy DNA Adaptors (96)</reagent-category>
</rtp:reagent-type>
<rtp:reagent-type xmlns:rtp="http://genologics.com/ri/reagenttype" name="MGI87_G11_Barcode_39">
  <special-type name="Index">
    <attribute value="AAGGATCATC" name="Sequence"/>
  </special-type>
  <reagent-category>MGI Easy DNA Adaptors (96)</reagent-category>
</rtp:reagent-type>
<rtp:reagent-type xmlns:rtp="http://genologics.com/ri/reagenttype" name="MGI88_H11_Barcode_115">
  <special-type name="Index">
    <attribute value="AACAGGCAGT" name="Sequence"/>
  </special-type>
  <reagent-category>MGI Easy DNA Adaptors (96)</reagent-category>
</rtp:reagent-type>
<rtp:reagent-type xmlns:rtp="http://genologics.com/ri/reagenttype" name="MGI89_A12_Barcode_49">
  <special-type name="Index">
    <attribute value="ATGTACGCAG" name="Sequence"/>
  </special-type>
  <reagent-category>MGI Easy DNA Adaptors (96)</reagent-category>
</rtp:reagent-type>
<rtp:reagent-type xmlns:rtp="http://genologics.com/ri/reagenttype" name="MGI90_B12_Barcode_50">
  <special-type name="Index">
    <attribute value="TTAATGAGAT" name="Sequence"/>
  </special-type>
  <reagent-category>MGI Easy DNA Adaptors (96)</reagent-category>
</rtp:reagent-type>
<rtp:reagent-type xmlns:rtp="http://genologics.com/ri/reagenttype" name="MGI91_C12_Barcode_51">
  <special-type name="Index">
    <attribute value="TGCGCCACTT" name="Sequence"/>
  </special-type>
  <reagent-category>MGI Easy DNA Adaptors (96)</reagent-category>
</rtp:reagent-type>
<rtp:reagent-type xmlns:rtp="http://genologics.com/ri/reagenttype" name="MGI92_D12_Barcode_52">
  <special-type name="Index">
    <attribute value="CATTAAGGCC" name="Sequence"/>
  </special-type>
  <reagent-category>MGI Easy DNA Adaptors (96)</reagent-category>
</rtp:reagent-type>
<rtp:reagent-type xmlns:rtp="http://genologics.com/ri/reagenttype" name="MGI93_E12_Barcode_53">
  <special-type name="Index">
    <attribute value="CCGCCTCAGA" name="Sequence"/>
  </special-type>
  <reagent-category>MGI Easy DNA Adaptors (96)</reagent-category>
</rtp:reagent-type>
<rtp:reagent-type xmlns:rtp="http://genologics.com/ri/reagenttype" name="MGI94_F12_Barcode_116">
  <special-type name="Index">
    <attribute value="GCTCCATGAC" name="Sequence"/>
  </special-type>
  <reagent-category>MGI Easy DNA Adaptors (96)</reagent-category>
</rtp:reagent-type>
<rtp:reagent-type xmlns:rtp="http://genologics.com/ri/reagenttype" name="MGI95_G12_Barcode_55">
  <special-type name="Index">
    <attribute value="GCCGGTTATC" name="Sequence"/>
  </special-type>
  <reagent-category>MGI Easy DNA Adaptors (96)</reagent-category>
</rtp:reagent-type>
<rtp:reagent-type xmlns:rtp="http://genologics.com/ri/reagenttype" name="MGI96_H12_Barcode_56">
  <special-type name="Index">
    <attribute value="GGAATATTGA" name="Sequence"/>
  </special-type>
  <reagent-category>MGI Easy DNA Adaptors (96)</reagent-category>
</rtp:reagent-type>
<rtp:reagent-type xmlns:rtp="http://genologics.com/ri/reagenttype" name="SI-MGIPool-C01A.4plex">
  <special-type name="Index">
    <attribute value="" name="Sequence"/>
  </special-type>
  <reagent-category>MGI Barcode Pools (11)</reagent-category>
</rtp:reagent-type>
<rtp:reagent-type xmlns:rtp="http://genologics.com/ri/reagenttype" name="SI-MGIPool-C01B.4plex">
  <special-type name="Index">
    <attribute value="" name="Sequence"/>
  </special-type>
  <reagent-category>MGI Barcode Pools (11)</reagent-category>
</rtp:reagent-type>
<rtp:reagent-type xmlns:rtp="http://genologics.com/ri/reagenttype" name="SI-MGIPool-C02.8plex">
  <special-type name="Index">
    <attribute value="" name="Sequence"/>
  </special-type>
  <reagent-category>MGI Barcode Pools (11)</reagent-category>
</rtp:reagent-type>
<rtp:reagent-type xmlns:rtp="http://genologics.com/ri/reagenttype" name="SI-MGIPool-C03.8plex">
  <special-type name="Index">
    <attribute value="" name="Sequence"/>
  </special-type>
  <reagent-category>MGI Barcode Pools (11)</reagent-category>
</rtp:reagent-type>
<rtp:reagent-type xmlns:rtp="http://genologics.com/ri/reagenttype" name="SI-MGIPool-C04.8plex">
  <special-type name="Index">
    <attribute value="" name="Sequence"/>
  </special-type>
  <reagent-category>MGI Barcode Pools (11)</reagent-category>
</rtp:reagent-type>
<rtp:reagent-type xmlns:rtp="http://genologics.com/ri/reagenttype" name="SI-MGIPool-C05.8plex">
  <special-type name="Index">
    <attribute value="" name="Sequence"/>
  </special-type>
  <reagent-category>MGI Barcode Pools (11)</reagent-category>
</rtp:reagent-type>
<rtp:reagent-type xmlns:rtp="http://genologics.com/ri/reagenttype" name="SI-MGIPool-C06.8plex">
  <special-type name="Index">
    <attribute value="" name="Sequence"/>
  </special-type>
  <reagent-category>MGI Barcode Pools (11)</reagent-category>
</rtp:reagent-type>
<rtp:reagent-type xmlns:rtp="http://genologics.com/ri/reagenttype" name="SI-MGIPool-C07.8plex">
  <special-type name="Index">
    <attribute value="" name="Sequence"/>
  </special-type>
  <reagent-category>MGI Barcode Pools (11)</reagent-category>
</rtp:reagent-type>
<rtp:reagent-type xmlns:rtp="http://genologics.com/ri/reagenttype" name="SI-MGIPool-C08.8plex">
  <special-type name="Index">
    <attribute value="" name="Sequence"/>
  </special-type>
  <reagent-category>MGI Barcode Pools (11)</reagent-category>
</rtp:reagent-type>
<rtp:reagent-type xmlns:rtp="http://genologics.com/ri/reagenttype" name="SI-MGIPool-C09.8plex">
  <special-type name="Index">
    <attribute value="" name="Sequence"/>
  </special-type>
  <reagent-category>MGI Barcode Pools (11)</reagent-category>
</rtp:reagent-type>
<rtp:reagent-type xmlns:rtp="http://genologics.com/ri/reagenttype" name="SI-MGIPool-C10-11-12.24plex">
  <special-type name="Index">
    <attribute value="" name="Sequence"/>
  </special-type>
  <reagent-category>MGI Barcode Pools (11)</reagent-category>
</rtp:reagent-type>
	</ReagentTypes>
	<AnalyteUDFs>
<cnf:field xmlns:cnf="http://genologics.com/ri/configuration" type="String">
  <name>Comments</name>
  <attach-to-name>Analyte</attach-to-name>
  <show-in-lablink>true</show-in-lablink>
  <allow-non-preset-values>true</allow-non-preset-values>
  <first-preset-is-default-value>false</first-preset-is-default-value>
  <is-editable>true</is-editable>
  <is-required>false</is-required>
  <attach-to-category/>
</cnf:field>
<cnf:field xmlns:cnf="http://genologics.com/ri/configuration" type="Numeric">
  <name>Library Volume (ul)</name>
  <attach-to-name>Analyte</attach-to-name>
  <precision>2</precision>
  <show-in-lablink>true</show-in-lablink>
  <allow-non-preset-values>true</allow-non-preset-values>
  <first-preset-is-default-value>false</first-preset-is-default-value>
  <is-editable>true</is-editable>
  <preset>50</preset>
  <is-required>true</is-required>
  <attach-to-category/>
</cnf:field>
	</AnalyteUDFs>
	<ProcessTypes>
<ptp:process-type xmlns:ptp="http://genologics.com/ri/processtype" name="RNASeq MGI">
  <field-definition name="DNA Adapter plate lot"/>
  <field-definition name="Library Preparation Date"/>
  <field-definition name="Library Technician"/>
  <field-definition name="Lot Ampure Beads"/>
  <field-definition name="MGI Beads lot"/>
  <field-definition name="Number Of Cycles"/>
  <field-definition name="PCR Enzyme Kit Name"/>
  <field-definition name="PCR Enzyme Lot"/>
  <field-definition name="PCR Program"/>
  <field-definition name="Plate Number (Fragmentation)"/>
  <field-definition name="Primer Concentration (uM)"/>
  <field-definition name="Primers Sequence"/>
  <field-definition name="RNA Input quantity"/>
  <field-definition name="RNA Library Prep kit lot"/>
  <field-definition name="rRNA Depletion kit lot"/>
  <parameter name="0. Auto Next">
    <string>bash -l -c "/opt/gls/clarity/bin/java -jar /opt/gls/clarity/extensions/ngs-common/v5/EPP/ngs-extensions.jar -i {stepURI:v2:http} -u {username} -p {password} script:evaluateDynamicExpression -t false -h false -exp 'nextStep = ::ADVANCE::' -log {compoundOutputFileLuid0}"</string>
    <run-program-per-event>false</run-program-per-event>
    <channel>limsserver</channel>
    <invocation-type>PostProcess</invocation-type>
  </parameter>
  <parameter name="1. Print plate barcodes">
    <string>bash -c "/usr/bin/python3.5  /opt/gls/clarity/customextensions/Common/create_barcodes_csv.py   -stepURI_v2={stepURI:v2}   -user={username} -psw={password}  &gt; /opt/gls/clarity/ai/temp/barcodes_tmp.csv  &amp;&amp;   /usr/bin/python3.5 /opt/gls/clarity/customextensions/print_zebra_test_3_am.py  /opt/gls/clarity/ai/temp/barcodes_tmp.csv &gt;  /opt/gls/clarity/ai/temp/barcodes_print_output.txt  "</string>
    <run-program-per-event>false</run-program-per-event>
    <channel>limsserver</channel>
    <invocation-type>PostProcess</invocation-type>
  </parameter>
  <process-input>
    <artifact-type>Analyte</artifact-type>
    <display-name>Analyte</display-name>
    <remove-working-flag>true</remove-working-flag>
  </process-input>
  <process-output>
    <artifact-type>Analyte</artifact-type>
    <display-name>Analyte</display-name>
    <output-generation-type>PerInput</output-generation-type>
    <variability-type>VariableByInput</variability-type>
    <output-name>{InputItemName}-{AppliedReagentLabels}</output-name>
    <assign-working-flag>true</assign-working-flag>
  </process-output>
  <process-type-attribute name="AddReagentsImmediately">true</process-type-attribute>
  <process-type-attribute name="ConsumeVolume">true</process-type-attribute>
  <process-type-attribute name="ContextCode">PCR</process-type-attribute>
  <process-type-attribute name="DefaultSort">ROW</process-type-attribute>
  <process-type-attribute name="DisplaceInputs">false</process-type-attribute>
  <process-type-attribute name="Enabled">true</process-type-attribute>
  <process-type-attribute name="Family">AddMultipleReagents</process-type-attribute>
  <process-type-attribute name="ModifyInputOutput">None</process-type-attribute>
  <process-type-attribute name="OnlyEnableDoneAtLastPanel">true</process-type-attribute>
  <process-type-attribute name="OutputContainerType">96 well plate</process-type-attribute>
  <process-type-attribute name="OutputContextCode">LA</process-type-attribute>
  <process-type-attribute name="OutputSorting">Input container and placement</process-type-attribute>
  <process-type-attribute name="ProcessGroup"/>
  <process-type-attribute name="ProcessTabView">Use the default display</process-type-attribute>
  <process-type-attribute name="QCAdjustmentType">None</process-type-attribute>
  <process-type-attribute name="ReagentType">N7</process-type-attribute>
  <process-type-attribute name="ReagentVolume">1.0</process-type-attribute>
  <process-type-attribute name="SkipInputPanel">true</process-type-attribute>
  <process-type-attribute name="VolumeAdjustmentType">None</process-type-attribute>
  <process-type-attribute name="WorkspaceColumns">12</process-type-attribute>
  <process-type-attribute name="WorkspaceRows">8</process-type-attribute>
  <permitted-containers>
    <container-type name="96 well plate"/>
  </permitted-containers>
  <permitted-reagent-categories/>
  <required-reagent-kits/>
  <permitted-control-types/>
  <permitted-instrument-types/>
  <queue-fields/>
  <ice-bucket-fields/>
  <step-fields/>
  <sample-fields/>
  <step-properties>
    <step-property value="column" name="placementDefaultPattern"/>
  </step-properties>
  <epp-triggers/>
</ptp:process-type>
	</ProcessTypes>
	<ProcessTypeUDFs>
<cnf:field xmlns:cnf="http://genologics.com/ri/configuration" type="String">
  <name>DNA Adapter plate lot</name>
  <attach-to-name>RNASeq MGI</attach-to-name>
  <show-in-lablink>false</show-in-lablink>
  <allow-non-preset-values>true</allow-non-preset-values>
  <first-preset-is-default-value>false</first-preset-is-default-value>
  <is-editable>true</is-editable>
  <is-required>false</is-required>
  <attach-to-category>ProcessType</attach-to-category>
</cnf:field>
<cnf:field xmlns:cnf="http://genologics.com/ri/configuration" type="Date">
  <name>Library Preparation Date</name>
  <attach-to-name>RNASeq MGI</attach-to-name>
  <show-in-lablink>false</show-in-lablink>
  <allow-non-preset-values>true</allow-non-preset-values>
  <first-preset-is-default-value>false</first-preset-is-default-value>
  <is-editable>true</is-editable>
  <is-required>false</is-required>
  <attach-to-category>ProcessType</attach-to-category>
</cnf:field>
<cnf:field xmlns:cnf="http://genologics.com/ri/configuration" type="String">
  <name>Library Technician</name>
  <attach-to-name>RNASeq MGI</attach-to-name>
  <show-in-lablink>false</show-in-lablink>
  <allow-non-preset-values>true</allow-non-preset-values>
  <first-preset-is-default-value>false</first-preset-is-default-value>
  <is-editable>true</is-editable>
  <preset>Janick St-Cyr</preset>
  <preset>Patrick Willett</preset>
  <preset>Tony Tyr</preset>
  <is-required>false</is-required>
  <attach-to-category>ProcessType</attach-to-category>
</cnf:field>
<cnf:field xmlns:cnf="http://genologics.com/ri/configuration" type="String">
  <name>Lot Ampure Beads</name>
  <attach-to-name>RNASeq MGI</attach-to-name>
  <show-in-lablink>true</show-in-lablink>
  <allow-non-preset-values>true</allow-non-preset-values>
  <first-preset-is-default-value>false</first-preset-is-default-value>
  <is-editable>true</is-editable>
  <is-required>false</is-required>
  <attach-to-category>ProcessType</attach-to-category>
</cnf:field>
<cnf:field xmlns:cnf="http://genologics.com/ri/configuration" type="String">
  <name>MGI Beads lot</name>
  <attach-to-name>RNASeq MGI</attach-to-name>
  <show-in-lablink>false</show-in-lablink>
  <allow-non-preset-values>true</allow-non-preset-values>
  <first-preset-is-default-value>false</first-preset-is-default-value>
  <is-editable>true</is-editable>
  <is-required>false</is-required>
  <attach-to-category>ProcessType</attach-to-category>
</cnf:field>
<cnf:field xmlns:cnf="http://genologics.com/ri/configuration" type="Numeric">
  <name>Number Of Cycles</name>
  <attach-to-name>RNASeq MGI</attach-to-name>
  <precision>0</precision>
  <show-in-lablink>true</show-in-lablink>
  <allow-non-preset-values>true</allow-non-preset-values>
  <first-preset-is-default-value>false</first-preset-is-default-value>
  <is-editable>true</is-editable>
  <is-required>false</is-required>
  <attach-to-category>ProcessType</attach-to-category>
</cnf:field>
<cnf:field xmlns:cnf="http://genologics.com/ri/configuration" type="String">
  <name>PCR Enzyme Kit Name</name>
  <attach-to-name>RNASeq MGI</attach-to-name>
  <show-in-lablink>true</show-in-lablink>
  <allow-non-preset-values>true</allow-non-preset-values>
  <first-preset-is-default-value>false</first-preset-is-default-value>
  <is-editable>true</is-editable>
  <is-required>false</is-required>
  <attach-to-category>ProcessType</attach-to-category>
</cnf:field>
<cnf:field xmlns:cnf="http://genologics.com/ri/configuration" type="String">
  <name>PCR Enzyme Lot</name>
  <attach-to-name>RNASeq MGI</attach-to-name>
  <show-in-lablink>true</show-in-lablink>
  <allow-non-preset-values>true</allow-non-preset-values>
  <first-preset-is-default-value>false</first-preset-is-default-value>
  <is-editable>true</is-editable>
  <is-required>false</is-required>
  <attach-to-category>ProcessType</attach-to-category>
</cnf:field>
<cnf:field xmlns:cnf="http://genologics.com/ri/configuration" type="String">
  <name>PCR Program</name>
  <attach-to-name>RNASeq MGI</attach-to-name>
  <show-in-lablink>true</show-in-lablink>
  <allow-non-preset-values>true</allow-non-preset-values>
  <first-preset-is-default-value>false</first-preset-is-default-value>
  <is-editable>true</is-editable>
  <is-required>false</is-required>
  <attach-to-category>ProcessType</attach-to-category>
</cnf:field>
<cnf:field xmlns:cnf="http://genologics.com/ri/configuration" type="String">
  <name>Plate Number (Fragmentation)</name>
  <attach-to-name>RNASeq MGI</attach-to-name>
  <show-in-lablink>true</show-in-lablink>
  <allow-non-preset-values>true</allow-non-preset-values>
  <first-preset-is-default-value>false</first-preset-is-default-value>
  <is-editable>true</is-editable>
  <is-required>false</is-required>
  <attach-to-category>ProcessType</attach-to-category>
</cnf:field>
<cnf:field xmlns:cnf="http://genologics.com/ri/configuration" type="Numeric">
  <name>Primer Concentration (uM)</name>
  <attach-to-name>RNASeq MGI</attach-to-name>
  <precision>2</precision>
  <show-in-lablink>true</show-in-lablink>
  <allow-non-preset-values>true</allow-non-preset-values>
  <first-preset-is-default-value>false</first-preset-is-default-value>
  <is-editable>true</is-editable>
  <is-required>false</is-required>
  <attach-to-category>ProcessType</attach-to-category>
</cnf:field>
<cnf:field xmlns:cnf="http://genologics.com/ri/configuration" type="String">
  <name>Primers Sequence</name>
  <attach-to-name>RNASeq MGI</attach-to-name>
  <show-in-lablink>true</show-in-lablink>
  <allow-non-preset-values>true</allow-non-preset-values>
  <first-preset-is-default-value>false</first-preset-is-default-value>
  <is-editable>true</is-editable>
  <is-required>false</is-required>
  <attach-to-category>ProcessType</attach-to-category>
</cnf:field>
<cnf:field xmlns:cnf="http://genologics.com/ri/configuration" type="String">
  <name>RNA Input quantity</name>
  <attach-to-name>RNASeq MGI</attach-to-name>
  <show-in-lablink>true</show-in-lablink>
  <allow-non-preset-values>true</allow-non-preset-values>
  <first-preset-is-default-value>false</first-preset-is-default-value>
  <is-editable>true</is-editable>
  <is-required>false</is-required>
  <attach-to-category>ProcessType</attach-to-category>
</cnf:field>
<cnf:field xmlns:cnf="http://genologics.com/ri/configuration" type="String">
  <name>RNA Library Prep kit lot</name>
  <attach-to-name>RNASeq MGI</attach-to-name>
  <show-in-lablink>false</show-in-lablink>
  <allow-non-preset-values>true</allow-non-preset-values>
  <first-preset-is-default-value>false</first-preset-is-default-value>
  <is-editable>true</is-editable>
  <is-required>false</is-required>
  <attach-to-category>ProcessType</attach-to-category>
</cnf:field>
<cnf:field xmlns:cnf="http://genologics.com/ri/configuration" type="String">
  <name>rRNA Depletion kit lot</name>
  <attach-to-name>RNASeq MGI</attach-to-name>
  <show-in-lablink>false</show-in-lablink>
  <allow-non-preset-values>true</allow-non-preset-values>
  <first-preset-is-default-value>false</first-preset-is-default-value>
  <is-editable>true</is-editable>
  <is-required>false</is-required>
  <attach-to-category>ProcessType</attach-to-category>
</cnf:field>
	</ProcessTypeUDFs>
	<Protocols>
<protcnf:protocol xmlns:protcnf="http://genologics.com/ri/protocolconfiguration" index="40" name="RNASeq MGI Library">
  <steps>
    <step name="RNASeq MGI">
      <protocol-step-index>1</protocol-step-index>
      <process-type>RNASeq MGI</process-type>
      <permitted-containers>
        <container-type>96 well plate</container-type>
      </permitted-containers>
      <permitted-reagent-categories>
        <reagent-category>MGI Barcode Pools (11)</reagent-category>
        <reagent-category>MGI Easy DNA Adaptors (96)</reagent-category>
      </permitted-reagent-categories>
      <required-reagent-kits/>
      <permitted-control-types/>
      <permitted-instrument-types/>
      <transitions/>
      <queue-fields>
        <queue-field detail="false" style="BUILT_IN" attach-to="Analyte" name="Sample Name"/>
        <queue-field detail="false" style="BUILT_IN" attach-to="Container" name="Well"/>
        <queue-field detail="false" style="BUILT_IN" attach-to="Container" name="Container Name"/>
        <queue-field detail="false" style="BUILT_IN" attach-to="Analyte" name="Waiting"/>
        <queue-field detail="true" style="BUILT_IN" attach-to="Project" name="Project Name"/>
        <queue-field detail="true" style="BUILT_IN" attach-to="Container" name="LIMS ID (Container)"/>
      </queue-fields>
      <ice-bucket-fields>
        <ice-bucket-field detail="false" style="BUILT_IN" attach-to="Analyte" name="Sample Name"/>
        <ice-bucket-field detail="false" style="BUILT_IN" attach-to="Container" name="Well"/>
        <ice-bucket-field detail="false" style="BUILT_IN" attach-to="Container" name="Container Name"/>
        <ice-bucket-field detail="false" style="BUILT_IN" attach-to="Analyte" name="Waiting"/>
        <ice-bucket-field detail="true" style="BUILT_IN" attach-to="Project" name="Project Name"/>
        <ice-bucket-field detail="true" style="BUILT_IN" attach-to="Container" name="LIMS ID (Container)"/>
      </ice-bucket-fields>
      <step-fields>
        <step-field style="USER_DEFINED" attach-to="AddMultipleReagents" name="RNA Input quantity"/>
        <step-field style="USER_DEFINED" attach-to="AddMultipleReagents" name="Library Preparation Date"/>
        <step-field style="USER_DEFINED" attach-to="AddMultipleReagents" name="Library Technician"/>
        <step-field style="USER_DEFINED" attach-to="AddMultipleReagents" name="rRNA Depletion kit lot"/>
        <step-field style="USER_DEFINED" attach-to="AddMultipleReagents" name="RNA Library Prep kit lot"/>
        <step-field style="USER_DEFINED" attach-to="AddMultipleReagents" name="DNA Adapter plate lot"/>
        <step-field style="USER_DEFINED" attach-to="AddMultipleReagents" name="MGI Beads lot"/>
        <step-field style="USER_DEFINED" attach-to="AddMultipleReagents" name="Number Of Cycles"/>
      </step-fields>
      <sample-fields>
        <sample-field style="BUILT_IN" attach-to="Analyte" name="Sample Name"/>
        <sample-field style="BUILT_IN" attach-to="Container" name="Container Name"/>
        <sample-field style="BUILT_IN" attach-to="Container" name="Well"/>
        <sample-field style="USER_DEFINED" attach-to="Analyte" name="Library Volume (ul)"/>
        <sample-field style="USER_DEFINED" attach-to="Analyte" name="Comments"/>
        <sample-field style="BUILT_IN" attach-to="Container" name="LIMS ID (Container)"/>
        <sample-field style="BUILT_IN" attach-to="Project" name="Project Name"/>
      </sample-fields>
      <step-properties>
        <step-property value="false" name="qcProtocolStep"/>
        <step-property value="false" name="attemptAutoPlacement"/>
        <step-property value="false" name="eSignatureRequired"/>
        <step-property value="false" name="measurementWithFile"/>
        <step-property value="false" name="eppLocksNextSteps"/>
        <step-property value="false" name="autoStartNextStep"/>
        <step-property value="" name="stepDetailsHeading"/>
        <step-property value="" name="sampleDetailsHeading"/>
        <step-property value="true" name="expandContainerGroupsCheckBox"/>
        <step-property value="false" name="arrangeFieldsHorizontally"/>
        <step-property value="column" name="recordDetailsMultiwellSortOrder"/>
        <step-property value="containerGroup" name="queueDefaultGrouping"/>
        <step-property value="column" name="queueMultiwellSortOrder"/>
        <step-property value="false" name="placementSkipAlternatingRows"/>
        <step-property value="false" name="placementSkipAlternatingColumns"/>
        <step-property value="column" name="placementDefaultPattern"/>
        <step-property value="containerGroup" name="placementDefaultGrouping"/>
        <step-property value="column" name="placementMultiwellSortOrder"/>
        <step-property value="containerGroup" name="poolingDefaultGrouping"/>
        <step-property value="column" name="poolingMultiwellSortOrder"/>
        <step-property value="containerGroup" name="iceBucketDefaultGrouping"/>
        <step-property value="column" name="iceBucketMultiwellSortOrder"/>
      </step-properties>
      <epp-triggers>
        <epp-trigger type="MANUAL" name="0. Auto Next"/>
        <epp-trigger type="MANUAL" name="1. Print plate barcodes"/>
      </epp-triggers>
    </step>
  </steps>
  <protocol-properties>
    <protocol-property value="false" name="hidden"/>
    <protocol-property value="0" name="capacity"/>
    <protocol-property value="libraryPrep" name="type"/>
  </protocol-properties>
</protcnf:protocol>
	</Protocols>
</config>
