<config ApiVersion="v2,r24" ConfigSlicerVersion="3.0.24">
	<ContainerTypes>
<ctp:container-type xmlns:ctp="http://genologics.com/ri/containertype" name="96 well plate">
  <is-tube>false</is-tube>
  <x-dimension>
    <is-alpha>false</is-alpha>
    <offset>1</offset>
    <size>12</size>
  </x-dimension>
  <y-dimension>
    <is-alpha>true</is-alpha>
    <offset>0</offset>
    <size>8</size>
  </y-dimension>
</ctp:container-type>
<ctp:container-type xmlns:ctp="http://genologics.com/ri/containertype" name="Tube">
  <is-tube>true</is-tube>
  <x-dimension>
    <is-alpha>false</is-alpha>
    <offset>1</offset>
    <size>1</size>
  </x-dimension>
  <y-dimension>
    <is-alpha>false</is-alpha>
    <offset>1</offset>
    <size>1</size>
  </y-dimension>
</ctp:container-type>
	</ContainerTypes>
	<ReagentTypes>
<rtp:reagent-type xmlns:rtp="http://genologics.com/ri/reagenttype" name="IDTU701_A01-IDTU501_A01">
  <special-type name="Index">
    <attribute value="CTGATCGT-ATATGCGC" name="Sequence"/>
  </special-type>
  <reagent-category>IDT UDI UMI</reagent-category>
</rtp:reagent-type>
<rtp:reagent-type xmlns:rtp="http://genologics.com/ri/reagenttype" name="IDTU702_A02-IDTU502_A02">
  <special-type name="Index">
    <attribute value="ACTCTCGA-TGGTACAG" name="Sequence"/>
  </special-type>
  <reagent-category>IDT UDI UMI</reagent-category>
</rtp:reagent-type>
<rtp:reagent-type xmlns:rtp="http://genologics.com/ri/reagenttype" name="IDTU703_A03-IDTU503_A03">
  <special-type name="Index">
    <attribute value="TGAGCTAG-AACCGTTC" name="Sequence"/>
  </special-type>
  <reagent-category>IDT UDI UMI</reagent-category>
</rtp:reagent-type>
<rtp:reagent-type xmlns:rtp="http://genologics.com/ri/reagenttype" name="IDTU704_A04-IDTU504_A04">
  <special-type name="Index">
    <attribute value="GAGACGAT-TAACCGGT" name="Sequence"/>
  </special-type>
  <reagent-category>IDT UDI UMI</reagent-category>
</rtp:reagent-type>
<rtp:reagent-type xmlns:rtp="http://genologics.com/ri/reagenttype" name="IDTU705_A05-IDTU505_A05">
  <special-type name="Index">
    <attribute value="CTTGTCGA-GAACATCG" name="Sequence"/>
  </special-type>
  <reagent-category>IDT UDI UMI</reagent-category>
</rtp:reagent-type>
<rtp:reagent-type xmlns:rtp="http://genologics.com/ri/reagenttype" name="IDTU706_A06-IDTU506_A06">
  <special-type name="Index">
    <attribute value="TTCCAAGG-CCTTGTAG" name="Sequence"/>
  </special-type>
  <reagent-category>IDT UDI UMI</reagent-category>
</rtp:reagent-type>
<rtp:reagent-type xmlns:rtp="http://genologics.com/ri/reagenttype" name="IDTU707_A07-IDTU507_A07">
  <special-type name="Index">
    <attribute value="CGCATGAT-TCAGGCTT" name="Sequence"/>
  </special-type>
  <reagent-category>IDT UDI UMI</reagent-category>
</rtp:reagent-type>
<rtp:reagent-type xmlns:rtp="http://genologics.com/ri/reagenttype" name="IDTU708_A08-IDTU508_A08">
  <special-type name="Index">
    <attribute value="ACGGAACA-GTTCTCGT" name="Sequence"/>
  </special-type>
  <reagent-category>IDT UDI UMI</reagent-category>
</rtp:reagent-type>
<rtp:reagent-type xmlns:rtp="http://genologics.com/ri/reagenttype" name="IDTU709_A09-IDTU509_A09">
  <special-type name="Index">
    <attribute value="CGGCTAAT-AGAACGAG" name="Sequence"/>
  </special-type>
  <reagent-category>IDT UDI UMI</reagent-category>
</rtp:reagent-type>
<rtp:reagent-type xmlns:rtp="http://genologics.com/ri/reagenttype" name="IDTU710_A10-IDTU510_A10">
  <special-type name="Index">
    <attribute value="ATCGATCG-TGCTTCCA" name="Sequence"/>
  </special-type>
  <reagent-category>IDT UDI UMI</reagent-category>
</rtp:reagent-type>
<rtp:reagent-type xmlns:rtp="http://genologics.com/ri/reagenttype" name="IDTU711_A11-IDTU511_A11">
  <special-type name="Index">
    <attribute value="GCAAGATC-CTTCGACT" name="Sequence"/>
  </special-type>
  <reagent-category>IDT UDI UMI</reagent-category>
</rtp:reagent-type>
<rtp:reagent-type xmlns:rtp="http://genologics.com/ri/reagenttype" name="IDTU712_A12-IDTU512_A12">
  <special-type name="Index">
    <attribute value="GCTATCCT-CACCTGTT" name="Sequence"/>
  </special-type>
  <reagent-category>IDT UDI UMI</reagent-category>
</rtp:reagent-type>
<rtp:reagent-type xmlns:rtp="http://genologics.com/ri/reagenttype" name="IDTU713_B01-IDTU513_B01">
  <special-type name="Index">
    <attribute value="TACGCTAC-ATCACACG" name="Sequence"/>
  </special-type>
  <reagent-category>IDT UDI UMI</reagent-category>
</rtp:reagent-type>
<rtp:reagent-type xmlns:rtp="http://genologics.com/ri/reagenttype" name="IDTU714_B02-IDTU514_B02">
  <special-type name="Index">
    <attribute value="TGGACTCT-CCGTAAGA" name="Sequence"/>
  </special-type>
  <reagent-category>IDT UDI UMI</reagent-category>
</rtp:reagent-type>
<rtp:reagent-type xmlns:rtp="http://genologics.com/ri/reagenttype" name="IDTU715_B03-IDTU515_B03">
  <special-type name="Index">
    <attribute value="AGAGTAGC-TACGCCTT" name="Sequence"/>
  </special-type>
  <reagent-category>IDT UDI UMI</reagent-category>
</rtp:reagent-type>
<rtp:reagent-type xmlns:rtp="http://genologics.com/ri/reagenttype" name="IDTU716_B04-IDTU516_B04">
  <special-type name="Index">
    <attribute value="ATCCAGAG-CGACGTTA" name="Sequence"/>
  </special-type>
  <reagent-category>IDT UDI UMI</reagent-category>
</rtp:reagent-type>
<rtp:reagent-type xmlns:rtp="http://genologics.com/ri/reagenttype" name="IDTU717_B05-IDTU517_B05">
  <special-type name="Index">
    <attribute value="GACGATCT-ATGCACGA" name="Sequence"/>
  </special-type>
  <reagent-category>IDT UDI UMI</reagent-category>
</rtp:reagent-type>
<rtp:reagent-type xmlns:rtp="http://genologics.com/ri/reagenttype" name="IDTU718_B06-IDTU518_B06">
  <special-type name="Index">
    <attribute value="AACTGAGC-CCTGATTG" name="Sequence"/>
  </special-type>
  <reagent-category>IDT UDI UMI</reagent-category>
</rtp:reagent-type>
<rtp:reagent-type xmlns:rtp="http://genologics.com/ri/reagenttype" name="IDTU719_B07-IDTU519_B07">
  <special-type name="Index">
    <attribute value="CTTAGGAC-GTAGGAGT" name="Sequence"/>
  </special-type>
  <reagent-category>IDT UDI UMI</reagent-category>
</rtp:reagent-type>
<rtp:reagent-type xmlns:rtp="http://genologics.com/ri/reagenttype" name="IDTU720_B08-IDTU520_B08">
  <special-type name="Index">
    <attribute value="GTGCCATA-ACTAGGAG" name="Sequence"/>
  </special-type>
  <reagent-category>IDT UDI UMI</reagent-category>
</rtp:reagent-type>
<rtp:reagent-type xmlns:rtp="http://genologics.com/ri/reagenttype" name="IDTU721_B09-IDTU521_B09">
  <special-type name="Index">
    <attribute value="GAATCCGA-CACTAGCT" name="Sequence"/>
  </special-type>
  <reagent-category>IDT UDI UMI</reagent-category>
</rtp:reagent-type>
<rtp:reagent-type xmlns:rtp="http://genologics.com/ri/reagenttype" name="IDTU722_B10-IDTU522_B10">
  <special-type name="Index">
    <attribute value="TCGCTGTT-ACGACTTG" name="Sequence"/>
  </special-type>
  <reagent-category>IDT UDI UMI</reagent-category>
</rtp:reagent-type>
<rtp:reagent-type xmlns:rtp="http://genologics.com/ri/reagenttype" name="IDTU723_B11-IDTU523_B11">
  <special-type name="Index">
    <attribute value="TTCGTTGG-CGTGTGTA" name="Sequence"/>
  </special-type>
  <reagent-category>IDT UDI UMI</reagent-category>
</rtp:reagent-type>
<rtp:reagent-type xmlns:rtp="http://genologics.com/ri/reagenttype" name="IDTU724_B12-IDTU524_B12">
  <special-type name="Index">
    <attribute value="AAGCACTG-GTTGACCT" name="Sequence"/>
  </special-type>
  <reagent-category>IDT UDI UMI</reagent-category>
</rtp:reagent-type>
<rtp:reagent-type xmlns:rtp="http://genologics.com/ri/reagenttype" name="IDTU725_C01-IDTU525_C01">
  <special-type name="Index">
    <attribute value="CCTTGATC-ACTCCATC" name="Sequence"/>
  </special-type>
  <reagent-category>IDT UDI UMI</reagent-category>
</rtp:reagent-type>
<rtp:reagent-type xmlns:rtp="http://genologics.com/ri/reagenttype" name="IDTU726_C02-IDTU526_C02">
  <special-type name="Index">
    <attribute value="GTCGAAGA-CAATGTGG" name="Sequence"/>
  </special-type>
  <reagent-category>IDT UDI UMI</reagent-category>
</rtp:reagent-type>
<rtp:reagent-type xmlns:rtp="http://genologics.com/ri/reagenttype" name="IDTU727_C03-IDTU527_C03">
  <special-type name="Index">
    <attribute value="ACCACGAT-TTGCAGAC" name="Sequence"/>
  </special-type>
  <reagent-category>IDT UDI UMI</reagent-category>
</rtp:reagent-type>
<rtp:reagent-type xmlns:rtp="http://genologics.com/ri/reagenttype" name="IDTU728_C04-IDTU528_C04">
  <special-type name="Index">
    <attribute value="GATTACCG-CAGTCCAA" name="Sequence"/>
  </special-type>
  <reagent-category>IDT UDI UMI</reagent-category>
</rtp:reagent-type>
<rtp:reagent-type xmlns:rtp="http://genologics.com/ri/reagenttype" name="IDTU729_C05-IDTU529_C05">
  <special-type name="Index">
    <attribute value="GCACAACT-ACGTTCAG" name="Sequence"/>
  </special-type>
  <reagent-category>IDT UDI UMI</reagent-category>
</rtp:reagent-type>
<rtp:reagent-type xmlns:rtp="http://genologics.com/ri/reagenttype" name="IDTU730_C06-IDTU530_C06">
  <special-type name="Index">
    <attribute value="GCGTCATT-AACGTCTG" name="Sequence"/>
  </special-type>
  <reagent-category>IDT UDI UMI</reagent-category>
</rtp:reagent-type>
<rtp:reagent-type xmlns:rtp="http://genologics.com/ri/reagenttype" name="IDTU731_C07-IDTU531_C07">
  <special-type name="Index">
    <attribute value="ATCCGGTA-TATCGGTC" name="Sequence"/>
  </special-type>
  <reagent-category>IDT UDI UMI</reagent-category>
</rtp:reagent-type>
<rtp:reagent-type xmlns:rtp="http://genologics.com/ri/reagenttype" name="IDTU732_C08-IDTU532_C08">
  <special-type name="Index">
    <attribute value="CGTTGCAA-CGCTCTAT" name="Sequence"/>
  </special-type>
  <reagent-category>IDT UDI UMI</reagent-category>
</rtp:reagent-type>
<rtp:reagent-type xmlns:rtp="http://genologics.com/ri/reagenttype" name="IDTU733_C09-IDTU533_C09">
  <special-type name="Index">
    <attribute value="GTGAAGTG-GATTGCTC" name="Sequence"/>
  </special-type>
  <reagent-category>IDT UDI UMI</reagent-category>
</rtp:reagent-type>
<rtp:reagent-type xmlns:rtp="http://genologics.com/ri/reagenttype" name="IDTU734_C10-IDTU534_C10">
  <special-type name="Index">
    <attribute value="CATGGCTA-GATGTGTG" name="Sequence"/>
  </special-type>
  <reagent-category>IDT UDI UMI</reagent-category>
</rtp:reagent-type>
<rtp:reagent-type xmlns:rtp="http://genologics.com/ri/reagenttype" name="IDTU735_C11-IDTU535_C11">
  <special-type name="Index">
    <attribute value="ATGCCTGT-CGCAATCT" name="Sequence"/>
  </special-type>
  <reagent-category>IDT UDI UMI</reagent-category>
</rtp:reagent-type>
<rtp:reagent-type xmlns:rtp="http://genologics.com/ri/reagenttype" name="IDTU736_C12-IDTU536_C12">
  <special-type name="Index">
    <attribute value="CAACACCT-TGGTAGCT" name="Sequence"/>
  </special-type>
  <reagent-category>IDT UDI UMI</reagent-category>
</rtp:reagent-type>
<rtp:reagent-type xmlns:rtp="http://genologics.com/ri/reagenttype" name="IDTU737_D01-IDTU537_D01">
  <special-type name="Index">
    <attribute value="TGTGACTG-GATAGGCT" name="Sequence"/>
  </special-type>
  <reagent-category>IDT UDI UMI</reagent-category>
</rtp:reagent-type>
<rtp:reagent-type xmlns:rtp="http://genologics.com/ri/reagenttype" name="IDTU738_D02-IDTU538_D02">
  <special-type name="Index">
    <attribute value="GTCATCGA-AGTGGATC" name="Sequence"/>
  </special-type>
  <reagent-category>IDT UDI UMI</reagent-category>
</rtp:reagent-type>
<rtp:reagent-type xmlns:rtp="http://genologics.com/ri/reagenttype" name="IDTU739_D03-IDTU539_D03">
  <special-type name="Index">
    <attribute value="AGCACTTC-TTGGACGT" name="Sequence"/>
  </special-type>
  <reagent-category>IDT UDI UMI</reagent-category>
</rtp:reagent-type>
<rtp:reagent-type xmlns:rtp="http://genologics.com/ri/reagenttype" name="IDTU740_D04-IDTU540_D04">
  <special-type name="Index">
    <attribute value="GAAGGAAG-ATGACGTC" name="Sequence"/>
  </special-type>
  <reagent-category>IDT UDI UMI</reagent-category>
</rtp:reagent-type>
<rtp:reagent-type xmlns:rtp="http://genologics.com/ri/reagenttype" name="IDTU741_D05-IDTU541_D05">
  <special-type name="Index">
    <attribute value="GTTGTTCG-GAAGTTGG" name="Sequence"/>
  </special-type>
  <reagent-category>IDT UDI UMI</reagent-category>
</rtp:reagent-type>
<rtp:reagent-type xmlns:rtp="http://genologics.com/ri/reagenttype" name="IDTU742_D06-IDTU542_D06">
  <special-type name="Index">
    <attribute value="CGGTTGTT-CATACCAC" name="Sequence"/>
  </special-type>
  <reagent-category>IDT UDI UMI</reagent-category>
</rtp:reagent-type>
<rtp:reagent-type xmlns:rtp="http://genologics.com/ri/reagenttype" name="IDTU743_D07-IDTU543_D07">
  <special-type name="Index">
    <attribute value="ACTGAGGT-CTGTTGAC" name="Sequence"/>
  </special-type>
  <reagent-category>IDT UDI UMI</reagent-category>
</rtp:reagent-type>
<rtp:reagent-type xmlns:rtp="http://genologics.com/ri/reagenttype" name="IDTU744_D08-IDTU544_D08">
  <special-type name="Index">
    <attribute value="TGAAGACG-TGGCATGT" name="Sequence"/>
  </special-type>
  <reagent-category>IDT UDI UMI</reagent-category>
</rtp:reagent-type>
<rtp:reagent-type xmlns:rtp="http://genologics.com/ri/reagenttype" name="IDTU745_D09-IDTU545_D09">
  <special-type name="Index">
    <attribute value="GTTACGCA-ATCGCCAT" name="Sequence"/>
  </special-type>
  <reagent-category>IDT UDI UMI</reagent-category>
</rtp:reagent-type>
<rtp:reagent-type xmlns:rtp="http://genologics.com/ri/reagenttype" name="IDTU746_D10-IDTU546_D10">
  <special-type name="Index">
    <attribute value="AGCGTGTT-TTGCGAAG" name="Sequence"/>
  </special-type>
  <reagent-category>IDT UDI UMI</reagent-category>
</rtp:reagent-type>
<rtp:reagent-type xmlns:rtp="http://genologics.com/ri/reagenttype" name="IDTU747_D11-IDTU547_D11">
  <special-type name="Index">
    <attribute value="GATCGAGT-AGTTCGTC" name="Sequence"/>
  </special-type>
  <reagent-category>IDT UDI UMI</reagent-category>
</rtp:reagent-type>
<rtp:reagent-type xmlns:rtp="http://genologics.com/ri/reagenttype" name="IDTU748_D12-IDTU548_D12">
  <special-type name="Index">
    <attribute value="ACAGCTCA-GAGCAGTA" name="Sequence"/>
  </special-type>
  <reagent-category>IDT UDI UMI</reagent-category>
</rtp:reagent-type>
<rtp:reagent-type xmlns:rtp="http://genologics.com/ri/reagenttype" name="IDTU749_E01-IDTU549_E01">
  <special-type name="Index">
    <attribute value="GAGCAGTA-ACAGCTCA" name="Sequence"/>
  </special-type>
  <reagent-category>IDT UDI UMI</reagent-category>
</rtp:reagent-type>
<rtp:reagent-type xmlns:rtp="http://genologics.com/ri/reagenttype" name="IDTU750_E02-IDTU550_E02">
  <special-type name="Index">
    <attribute value="AGTTCGTC-GATCGAGT" name="Sequence"/>
  </special-type>
  <reagent-category>IDT UDI UMI</reagent-category>
</rtp:reagent-type>
<rtp:reagent-type xmlns:rtp="http://genologics.com/ri/reagenttype" name="IDTU751_E03-IDTU551_E03">
  <special-type name="Index">
    <attribute value="TTGCGAAG-AGCGTGTT" name="Sequence"/>
  </special-type>
  <reagent-category>IDT UDI UMI</reagent-category>
</rtp:reagent-type>
<rtp:reagent-type xmlns:rtp="http://genologics.com/ri/reagenttype" name="IDTU752_E04-IDTU552_E04">
  <special-type name="Index">
    <attribute value="ATCGCCAT-GTTACGCA" name="Sequence"/>
  </special-type>
  <reagent-category>IDT UDI UMI</reagent-category>
</rtp:reagent-type>
<rtp:reagent-type xmlns:rtp="http://genologics.com/ri/reagenttype" name="IDTU753_E05-IDTU553_E05">
  <special-type name="Index">
    <attribute value="TGGCATGT-TGAAGACG" name="Sequence"/>
  </special-type>
  <reagent-category>IDT UDI UMI</reagent-category>
</rtp:reagent-type>
<rtp:reagent-type xmlns:rtp="http://genologics.com/ri/reagenttype" name="IDTU754_E06-IDTU554_E06">
  <special-type name="Index">
    <attribute value="CTGTTGAC-ACTGAGGT" name="Sequence"/>
  </special-type>
  <reagent-category>IDT UDI UMI</reagent-category>
</rtp:reagent-type>
<rtp:reagent-type xmlns:rtp="http://genologics.com/ri/reagenttype" name="IDTU755_E07-IDTU555_E07">
  <special-type name="Index">
    <attribute value="CATACCAC-CGGTTGTT" name="Sequence"/>
  </special-type>
  <reagent-category>IDT UDI UMI</reagent-category>
</rtp:reagent-type>
<rtp:reagent-type xmlns:rtp="http://genologics.com/ri/reagenttype" name="IDTU756_E08-IDTU556_E08">
  <special-type name="Index">
    <attribute value="GAAGTTGG-GTTGTTCG" name="Sequence"/>
  </special-type>
  <reagent-category>IDT UDI UMI</reagent-category>
</rtp:reagent-type>
<rtp:reagent-type xmlns:rtp="http://genologics.com/ri/reagenttype" name="IDTU757_E09-IDTU557_E09">
  <special-type name="Index">
    <attribute value="ATGACGTC-GAAGGAAG" name="Sequence"/>
  </special-type>
  <reagent-category>IDT UDI UMI</reagent-category>
</rtp:reagent-type>
<rtp:reagent-type xmlns:rtp="http://genologics.com/ri/reagenttype" name="IDTU758_E10-IDTU558_E10">
  <special-type name="Index">
    <attribute value="TTGGACGT-AGCACTTC" name="Sequence"/>
  </special-type>
  <reagent-category>IDT UDI UMI</reagent-category>
</rtp:reagent-type>
<rtp:reagent-type xmlns:rtp="http://genologics.com/ri/reagenttype" name="IDTU759_E11-IDTU559_E11">
  <special-type name="Index">
    <attribute value="AGTGGATC-GTCATCGA" name="Sequence"/>
  </special-type>
  <reagent-category>IDT UDI UMI</reagent-category>
</rtp:reagent-type>
<rtp:reagent-type xmlns:rtp="http://genologics.com/ri/reagenttype" name="IDTU760_E12-IDTU560_E12">
  <special-type name="Index">
    <attribute value="GATAGGCT-TGTGACTG" name="Sequence"/>
  </special-type>
  <reagent-category>IDT UDI UMI</reagent-category>
</rtp:reagent-type>
<rtp:reagent-type xmlns:rtp="http://genologics.com/ri/reagenttype" name="IDTU761_F01-IDTU561_F01">
  <special-type name="Index">
    <attribute value="TGGTAGCT-CAACACCT" name="Sequence"/>
  </special-type>
  <reagent-category>IDT UDI UMI</reagent-category>
</rtp:reagent-type>
<rtp:reagent-type xmlns:rtp="http://genologics.com/ri/reagenttype" name="IDTU762_F02-IDTU562_F02">
  <special-type name="Index">
    <attribute value="CGCAATCT-ATGCCTGT" name="Sequence"/>
  </special-type>
  <reagent-category>IDT UDI UMI</reagent-category>
</rtp:reagent-type>
<rtp:reagent-type xmlns:rtp="http://genologics.com/ri/reagenttype" name="IDTU763_F03-IDTU563_F03">
  <special-type name="Index">
    <attribute value="GATGTGTG-CATGGCTA" name="Sequence"/>
  </special-type>
  <reagent-category>IDT UDI UMI</reagent-category>
</rtp:reagent-type>
<rtp:reagent-type xmlns:rtp="http://genologics.com/ri/reagenttype" name="IDTU764_F04-IDTU564_F04">
  <special-type name="Index">
    <attribute value="GATTGCTC-GTGAAGTG" name="Sequence"/>
  </special-type>
  <reagent-category>IDT UDI UMI</reagent-category>
</rtp:reagent-type>
<rtp:reagent-type xmlns:rtp="http://genologics.com/ri/reagenttype" name="IDTU765_F05-IDTU565_F05">
  <special-type name="Index">
    <attribute value="CGCTCTAT-CGTTGCAA" name="Sequence"/>
  </special-type>
  <reagent-category>IDT UDI UMI</reagent-category>
</rtp:reagent-type>
<rtp:reagent-type xmlns:rtp="http://genologics.com/ri/reagenttype" name="IDTU766_F06-IDTU566_F06">
  <special-type name="Index">
    <attribute value="TATCGGTC-ATCCGGTA" name="Sequence"/>
  </special-type>
  <reagent-category>IDT UDI UMI</reagent-category>
</rtp:reagent-type>
<rtp:reagent-type xmlns:rtp="http://genologics.com/ri/reagenttype" name="IDTU767_F07-IDTU567_F07">
  <special-type name="Index">
    <attribute value="AACGTCTG-GCGTCATT" name="Sequence"/>
  </special-type>
  <reagent-category>IDT UDI UMI</reagent-category>
</rtp:reagent-type>
<rtp:reagent-type xmlns:rtp="http://genologics.com/ri/reagenttype" name="IDTU768_F08-IDTU568_F08">
  <special-type name="Index">
    <attribute value="ACGTTCAG-GCACAACT" name="Sequence"/>
  </special-type>
  <reagent-category>IDT UDI UMI</reagent-category>
</rtp:reagent-type>
<rtp:reagent-type xmlns:rtp="http://genologics.com/ri/reagenttype" name="IDTU769_F09-IDTU569_F09">
  <special-type name="Index">
    <attribute value="CAGTCCAA-GATTACCG" name="Sequence"/>
  </special-type>
  <reagent-category>IDT UDI UMI</reagent-category>
</rtp:reagent-type>
<rtp:reagent-type xmlns:rtp="http://genologics.com/ri/reagenttype" name="IDTU770_F10-IDTU570_F10">
  <special-type name="Index">
    <attribute value="TTGCAGAC-ACCACGAT" name="Sequence"/>
  </special-type>
  <reagent-category>IDT UDI UMI</reagent-category>
</rtp:reagent-type>
<rtp:reagent-type xmlns:rtp="http://genologics.com/ri/reagenttype" name="IDTU771_F11-IDTU571_F11">
  <special-type name="Index">
    <attribute value="CAATGTGG-GTCGAAGA" name="Sequence"/>
  </special-type>
  <reagent-category>IDT UDI UMI</reagent-category>
</rtp:reagent-type>
<rtp:reagent-type xmlns:rtp="http://genologics.com/ri/reagenttype" name="IDTU772_F12-IDTU572_F12">
  <special-type name="Index">
    <attribute value="ACTCCATC-CCTTGATC" name="Sequence"/>
  </special-type>
  <reagent-category>IDT UDI UMI</reagent-category>
</rtp:reagent-type>
<rtp:reagent-type xmlns:rtp="http://genologics.com/ri/reagenttype" name="IDTU773_G01-IDTU573_G01">
  <special-type name="Index">
    <attribute value="GTTGACCT-AAGCACTG" name="Sequence"/>
  </special-type>
  <reagent-category>IDT UDI UMI</reagent-category>
</rtp:reagent-type>
<rtp:reagent-type xmlns:rtp="http://genologics.com/ri/reagenttype" name="IDTU774_G02-IDTU574_G02">
  <special-type name="Index">
    <attribute value="CGTGTGTA-TTCGTTGG" name="Sequence"/>
  </special-type>
  <reagent-category>IDT UDI UMI</reagent-category>
</rtp:reagent-type>
<rtp:reagent-type xmlns:rtp="http://genologics.com/ri/reagenttype" name="IDTU775_G03-IDTU575_G03">
  <special-type name="Index">
    <attribute value="ACGACTTG-TCGCTGTT" name="Sequence"/>
  </special-type>
  <reagent-category>IDT UDI UMI</reagent-category>
</rtp:reagent-type>
<rtp:reagent-type xmlns:rtp="http://genologics.com/ri/reagenttype" name="IDTU776_G04-IDTU576_G04">
  <special-type name="Index">
    <attribute value="CACTAGCT-GAATCCGA" name="Sequence"/>
  </special-type>
  <reagent-category>IDT UDI UMI</reagent-category>
</rtp:reagent-type>
<rtp:reagent-type xmlns:rtp="http://genologics.com/ri/reagenttype" name="IDTU777_G05-IDTU577_G05">
  <special-type name="Index">
    <attribute value="ACTAGGAG-GTGCCATA" name="Sequence"/>
  </special-type>
  <reagent-category>IDT UDI UMI</reagent-category>
</rtp:reagent-type>
<rtp:reagent-type xmlns:rtp="http://genologics.com/ri/reagenttype" name="IDTU778_G06-IDTU578_G06">
  <special-type name="Index">
    <attribute value="GTAGGAGT-CTTAGGAC" name="Sequence"/>
  </special-type>
  <reagent-category>IDT UDI UMI</reagent-category>
</rtp:reagent-type>
<rtp:reagent-type xmlns:rtp="http://genologics.com/ri/reagenttype" name="IDTU779_G07-IDTU579_G07">
  <special-type name="Index">
    <attribute value="CCTGATTG-AACTGAGC" name="Sequence"/>
  </special-type>
  <reagent-category>IDT UDI UMI</reagent-category>
</rtp:reagent-type>
<rtp:reagent-type xmlns:rtp="http://genologics.com/ri/reagenttype" name="IDTU780_G08-IDTU580_G08">
  <special-type name="Index">
    <attribute value="ATGCACGA-GACGATCT" name="Sequence"/>
  </special-type>
  <reagent-category>IDT UDI UMI</reagent-category>
</rtp:reagent-type>
<rtp:reagent-type xmlns:rtp="http://genologics.com/ri/reagenttype" name="IDTU781_G09-IDTU581_G09">
  <special-type name="Index">
    <attribute value="CGACGTTA-ATCCAGAG" name="Sequence"/>
  </special-type>
  <reagent-category>IDT UDI UMI</reagent-category>
</rtp:reagent-type>
<rtp:reagent-type xmlns:rtp="http://genologics.com/ri/reagenttype" name="IDTU782_G10-IDTU582_G10">
  <special-type name="Index">
    <attribute value="TACGCCTT-AGAGTAGC" name="Sequence"/>
  </special-type>
  <reagent-category>IDT UDI UMI</reagent-category>
</rtp:reagent-type>
<rtp:reagent-type xmlns:rtp="http://genologics.com/ri/reagenttype" name="IDTU783_G11-IDTU583_G11">
  <special-type name="Index">
    <attribute value="CCGTAAGA-TGGACTCT" name="Sequence"/>
  </special-type>
  <reagent-category>IDT UDI UMI</reagent-category>
</rtp:reagent-type>
<rtp:reagent-type xmlns:rtp="http://genologics.com/ri/reagenttype" name="IDTU784_G12-IDTU584_G12">
  <special-type name="Index">
    <attribute value="ATCACACG-TACGCTAC" name="Sequence"/>
  </special-type>
  <reagent-category>IDT UDI UMI</reagent-category>
</rtp:reagent-type>
<rtp:reagent-type xmlns:rtp="http://genologics.com/ri/reagenttype" name="IDTU785_H01-IDTU585_H01">
  <special-type name="Index">
    <attribute value="CACCTGTT-GCTATCCT" name="Sequence"/>
  </special-type>
  <reagent-category>IDT UDI UMI</reagent-category>
</rtp:reagent-type>
<rtp:reagent-type xmlns:rtp="http://genologics.com/ri/reagenttype" name="IDTU786_H02-IDTU586_H02">
  <special-type name="Index">
    <attribute value="CTTCGACT-GCAAGATC" name="Sequence"/>
  </special-type>
  <reagent-category>IDT UDI UMI</reagent-category>
</rtp:reagent-type>
<rtp:reagent-type xmlns:rtp="http://genologics.com/ri/reagenttype" name="IDTU787_H03-IDTU587_H03">
  <special-type name="Index">
    <attribute value="TGCTTCCA-ATCGATCG" name="Sequence"/>
  </special-type>
  <reagent-category>IDT UDI UMI</reagent-category>
</rtp:reagent-type>
<rtp:reagent-type xmlns:rtp="http://genologics.com/ri/reagenttype" name="IDTU788_H04-IDTU588_H04">
  <special-type name="Index">
    <attribute value="AGAACGAG-CGGCTAAT" name="Sequence"/>
  </special-type>
  <reagent-category>IDT UDI UMI</reagent-category>
</rtp:reagent-type>
<rtp:reagent-type xmlns:rtp="http://genologics.com/ri/reagenttype" name="IDTU789_H05-IDTU589_H05">
  <special-type name="Index">
    <attribute value="GTTCTCGT-ACGGAACA" name="Sequence"/>
  </special-type>
  <reagent-category>IDT UDI UMI</reagent-category>
</rtp:reagent-type>
<rtp:reagent-type xmlns:rtp="http://genologics.com/ri/reagenttype" name="IDTU790_H06-IDTU590_H06">
  <special-type name="Index">
    <attribute value="TCAGGCTT-CGCATGAT" name="Sequence"/>
  </special-type>
  <reagent-category>IDT UDI UMI</reagent-category>
</rtp:reagent-type>
<rtp:reagent-type xmlns:rtp="http://genologics.com/ri/reagenttype" name="IDTU791_H07-IDTU591_H07">
  <special-type name="Index">
    <attribute value="CCTTGTAG-TTCCAAGG" name="Sequence"/>
  </special-type>
  <reagent-category>IDT UDI UMI</reagent-category>
</rtp:reagent-type>
<rtp:reagent-type xmlns:rtp="http://genologics.com/ri/reagenttype" name="IDTU792_H08-IDTU592_H08">
  <special-type name="Index">
    <attribute value="GAACATCG-CTTGTCGA" name="Sequence"/>
  </special-type>
  <reagent-category>IDT UDI UMI</reagent-category>
</rtp:reagent-type>
<rtp:reagent-type xmlns:rtp="http://genologics.com/ri/reagenttype" name="IDTU793_H09-IDTU593_H09">
  <special-type name="Index">
    <attribute value="TAACCGGT-GAGACGAT" name="Sequence"/>
  </special-type>
  <reagent-category>IDT UDI UMI</reagent-category>
</rtp:reagent-type>
<rtp:reagent-type xmlns:rtp="http://genologics.com/ri/reagenttype" name="IDTU794_H10-IDTU594_H10">
  <special-type name="Index">
    <attribute value="AACCGTTC-TGAGCTAG" name="Sequence"/>
  </special-type>
  <reagent-category>IDT UDI UMI</reagent-category>
</rtp:reagent-type>
<rtp:reagent-type xmlns:rtp="http://genologics.com/ri/reagenttype" name="IDTU795_H11-IDTU595_H11">
  <special-type name="Index">
    <attribute value="TGGTACAG-ACTCTCGA" name="Sequence"/>
  </special-type>
  <reagent-category>IDT UDI UMI</reagent-category>
</rtp:reagent-type>
<rtp:reagent-type xmlns:rtp="http://genologics.com/ri/reagenttype" name="IDTU796_H12-IDTU596_H12">
  <special-type name="Index">
    <attribute value="ATATGCGC-CTGATCGT" name="Sequence"/>
  </special-type>
  <reagent-category>IDT UDI UMI</reagent-category>
</rtp:reagent-type>
	</ReagentTypes>
	<ReagentKits>
<kit:reagent-kit xmlns:kit="http://genologics.com/ri/reagentkit">
  <name>AMPure XP Beads PROD</name>
  <supplier>Beckman Coulter Genomics</supplier>
  <catalogue-number>A63881</catalogue-number>
  <website>https://www.beckmancoulter.com/wsrportal/wsr/research-and-discovery/products-and-services/nucleic-acid-sample-preparation/agencourt-ampure-xp-pcr-purification/index.htm</website>
  <archived>false</archived>
</kit:reagent-kit>
<kit:reagent-kit xmlns:kit="http://genologics.com/ri/reagentkit">
  <name>NxSeq AmpFREE Low DNA Library Kit</name>
  <supplier>D-Mark Biosciences Inc.</supplier>
  <catalogue-number>13308055</catalogue-number>
  <archived>false</archived>
</kit:reagent-kit>
	</ReagentKits>
	<AnalyteUDFs>
<cnf:field xmlns:cnf="http://genologics.com/ri/configuration" type="String">
  <name>Billing String</name>
  <attach-to-name>Analyte</attach-to-name>
  <show-in-lablink>true</show-in-lablink>
  <allow-non-preset-values>true</allow-non-preset-values>
  <first-preset-is-default-value>true</first-preset-is-default-value>
  <is-editable>true</is-editable>
  <preset>True</preset>
  <preset>False</preset>
  <is-required>false</is-required>
  <attach-to-category/>
</cnf:field>
<cnf:field xmlns:cnf="http://genologics.com/ri/configuration" type="String">
  <name>Conc. Units</name>
  <attach-to-name>Analyte</attach-to-name>
  <show-in-lablink>true</show-in-lablink>
  <allow-non-preset-values>true</allow-non-preset-values>
  <first-preset-is-default-value>false</first-preset-is-default-value>
  <is-editable>true</is-editable>
  <preset>ng/uL</preset>
  <preset>nM</preset>
  <preset>M</preset>
  <is-required>true</is-required>
  <attach-to-category/>
</cnf:field>
<cnf:field xmlns:cnf="http://genologics.com/ri/configuration" type="Numeric">
  <name>Concentration</name>
  <attach-to-name>Analyte</attach-to-name>
  <precision>2</precision>
  <show-in-lablink>true</show-in-lablink>
  <allow-non-preset-values>true</allow-non-preset-values>
  <first-preset-is-default-value>false</first-preset-is-default-value>
  <is-editable>true</is-editable>
  <is-required>true</is-required>
  <attach-to-category/>
</cnf:field>
<cnf:field xmlns:cnf="http://genologics.com/ri/configuration" type="Boolean">
  <name>Go To Next Step</name>
  <attach-to-name>Analyte</attach-to-name>
  <show-in-lablink>true</show-in-lablink>
  <allow-non-preset-values>true</allow-non-preset-values>
  <first-preset-is-default-value>true</first-preset-is-default-value>
  <is-editable>true</is-editable>
  <preset>False</preset>
  <preset>True</preset>
  <is-required>false</is-required>
  <attach-to-category/>
</cnf:field>
<cnf:field xmlns:cnf="http://genologics.com/ri/configuration" type="Numeric">
  <name>Library Volume (ul)</name>
  <attach-to-name>Analyte</attach-to-name>
  <precision>2</precision>
  <show-in-lablink>true</show-in-lablink>
  <allow-non-preset-values>true</allow-non-preset-values>
  <first-preset-is-default-value>false</first-preset-is-default-value>
  <is-editable>true</is-editable>
  <preset>50</preset>
  <is-required>true</is-required>
  <attach-to-category/>
</cnf:field>
<cnf:field xmlns:cnf="http://genologics.com/ri/configuration" type="String">
  <name>Pooling Group</name>
  <attach-to-name>Analyte</attach-to-name>
  <show-in-lablink>true</show-in-lablink>
  <allow-non-preset-values>true</allow-non-preset-values>
  <first-preset-is-default-value>false</first-preset-is-default-value>
  <is-editable>true</is-editable>
  <is-required>true</is-required>
  <attach-to-category/>
</cnf:field>
<cnf:field xmlns:cnf="http://genologics.com/ri/configuration" type="String">
  <name>Sample Tag</name>
  <attach-to-name>Analyte</attach-to-name>
  <show-in-lablink>true</show-in-lablink>
  <allow-non-preset-values>true</allow-non-preset-values>
  <first-preset-is-default-value>false</first-preset-is-default-value>
  <is-editable>true</is-editable>
  <is-required>true</is-required>
  <attach-to-category/>
</cnf:field>
	</AnalyteUDFs>
	<ResultFileUDFs>
<cnf:field xmlns:cnf="http://genologics.com/ri/configuration" type="String">
  <name>File</name>
  <attach-to-name>ResultFile</attach-to-name>
  <show-in-lablink>true</show-in-lablink>
  <allow-non-preset-values>true</allow-non-preset-values>
  <first-preset-is-default-value>false</first-preset-is-default-value>
  <is-editable>false</is-editable>
  <is-required>false</is-required>
  <attach-to-category/>
</cnf:field>
	</ResultFileUDFs>
	<ProcessTypes>
<ptp:process-type xmlns:ptp="http://genologics.com/ri/processtype" name="DNA Samples QC">
  <field-definition name="Concentration Threshold (ng/uL)"/>
  <field-definition name="Criteria 1 - Operator"/>
  <field-definition name="Criteria 1 - Source Data Field"/>
  <field-definition name="Criteria 1 - Threshold Value"/>
  <field-definition name="Criteria 2 - Operator"/>
  <field-definition name="Criteria 2 - Source Data Field"/>
  <field-definition name="Criteria 2 - Threshold Value"/>
  <parameter name="0.Print barcodes">
    <string>bash -c "/usr/bin/python3.5  /opt/gls/clarity/customextensions/SPARK/create_plate_barcode_csv.py  -stepURI_v2={stepURI:v2}   -user_psw={username}:{password}  -labelSTD='1'    &gt; /opt/gls/clarity/ai/temp/barcodes_tmp.csv  &amp;&amp;   /usr/bin/python3.5 /opt/gls/clarity/customextensions/print_zebra_test_3_am.py  /opt/gls/clarity/ai/temp/barcodes_tmp.csv &gt;  /opt/gls/clarity/ai/temp/barcodes_print_output.txt  " 
</string>
    <run-program-per-event>false</run-program-per-event>
    <channel>limsserver</channel>
    <invocation-type>PostProcess</invocation-type>
  </parameter>
  <parameter name="2.Apply quantified values">
    <string>bash -l -c  "/usr/bin/python3.5 /opt/gls/clarity/customextensions/SPARK/spark_apply_quant.py  -fileLuid={compoundOutputFileLuid0}  -stepURI_v2={stepURI:v2}   -processURI_v2={processURI:v2}  -user_psw={username}:{password}  &gt; {compoundOutputFileLuid21}.txt"</string>
    <run-program-per-event>false</run-program-per-event>
    <channel>limsserver</channel>
    <invocation-type>PostProcess</invocation-type>
  </parameter>
  <parameter name="2.Assign Concentration from Submitted Samples">
    <string>bash -l -c "/opt/gls/clarity/bin/java -jar /opt/gls/clarity/extensions/ngs-common/v5/EPP/ngs-extensions.jar -i {stepURI:v2:http} -u {username} -p {password} script:evaluateDynamicExpression -t false -h false -exp 'if (submittedSample.hasValue( ::Sample Conc.:: )) {output.::Concentration:: = submittedSample.::Sample Conc.::};  if (submittedSample.hasValue( ::Sample Conc Units:: )) {output.::Conc. Units::=submittedSample.::Sample Conc Units::} ; if (input.hasValue( ::Concentration:: )) {output.::Concentration:: = input.::Concentration::}; if (input.hasValue( ::Conc. Units:: )) {output.::Conc. Units:: = input.::Conc. Units::}; ' -log {compoundOutputFileLuid0}"</string>
    <run-program-per-event>false</run-program-per-event>
    <channel>limsserver</channel>
    <invocation-type>PostProcess</invocation-type>
  </parameter>
  <parameter name="3.Assign QC flags">
    <string>bash -l -c "/opt/gls/clarity/bin/java -jar /opt/gls/clarity/extensions/ngs-common/v5/EPP/ngs-extensions.jar -i {stepURI:v2:http} -u {username} -p {password} script:evaluateDynamicExpression -t false -h false -exp 'if (output.::Concentration:: &gt;= step.::Concentration Threshold (ng/uL):: ) {output.QC = true} else {output.QC = false}' -log {compoundOutputFileLuid2}" </string>
    <run-program-per-event>false</run-program-per-event>
    <channel>limsserver</channel>
    <invocation-type>PostProcess</invocation-type>
  </parameter>
  <parameter name="4. Tubes AutoPlacement">
    <string>bash -l -c " /usr/bin/python  /opt/gls/clarity/customextensions/Common/autoplacement_mix_tubes_plates.py -u {username} -p {password} -o 'Analyte' -s {stepURI:v2} -x  '_{processLuid}' &gt; {compoundOutputFileLuid0}_auto-log.txt"

</string>
    <run-program-per-event>false</run-program-per-event>
    <channel>limsserver</channel>
    <invocation-type>PostProcess</invocation-type>
  </parameter>
  <process-input>
    <artifact-type>Analyte</artifact-type>
    <display-name>Analyte</display-name>
    <remove-working-flag>false</remove-working-flag>
  </process-input>
  <process-output>
    <artifact-type>Analyte</artifact-type>
    <display-name>Analyte</display-name>
    <output-generation-type>PerInput</output-generation-type>
    <variability-type>Fixed</variability-type>
    <number-of-outputs>1</number-of-outputs>
    <output-name>{InputItemName}</output-name>
    <assign-working-flag>false</assign-working-flag>
  </process-output>
  <process-output>
    <artifact-type>ResultFile</artifact-type>
    <display-name>SharedResultFile</display-name>
    <output-generation-type>PerAllInputs</output-generation-type>
    <variability-type>Fixed</variability-type>
    <number-of-outputs>3</number-of-outputs>
    <output-name>{LIST:Log file,Assign Report,Assign Log}</output-name>
    <field-definition name="File"/>
  </process-output>
  <process-type-attribute name="ConsumeVolume">false</process-type-attribute>
  <process-type-attribute name="ContextCode">PGD</process-type-attribute>
  <process-type-attribute name="DefaultPlacementPattern">Place samples vertically</process-type-attribute>
  <process-type-attribute name="Enabled">true</process-type-attribute>
  <process-type-attribute name="Family">Configured</process-type-attribute>
  <process-type-attribute name="IconConstant">DIGEST</process-type-attribute>
  <process-type-attribute name="InheritsQC">false</process-type-attribute>
  <process-type-attribute name="ModifyInputOutput">All</process-type-attribute>
  <process-type-attribute name="OnlyEnableDoneAtLastPanel">true</process-type-attribute>
  <process-type-attribute name="OpenPostProcess">true</process-type-attribute>
  <process-type-attribute name="OutputContainerType">96 well plate</process-type-attribute>
  <process-type-attribute name="OutputContextCode">PG</process-type-attribute>
  <process-type-attribute name="OutputSorting">Input LIMS ID</process-type-attribute>
  <process-type-attribute name="ProcessGroup">1. DNA Initial QC</process-type-attribute>
  <process-type-attribute name="ProcessTabView">Display the UDF information associated with all the outputs</process-type-attribute>
  <process-type-attribute name="QCAdjustmentType">None</process-type-attribute>
  <process-type-attribute name="ShowInButtonBar">false</process-type-attribute>
  <process-type-attribute name="ShowInExplorer">false</process-type-attribute>
  <process-type-attribute name="SkipInputPanel">true</process-type-attribute>
  <process-type-attribute name="SupportsExternalProgram">true</process-type-attribute>
  <process-type-attribute name="VolumeAdjustmentType">None</process-type-attribute>
</ptp:process-type>
<ptp:process-type xmlns:ptp="http://genologics.com/ri/processtype" name="PCR-free">
  <field-definition name="Ampure Final Size Selection"/>
  <field-definition name="Ampure Post-Shear"/>
  <field-definition name="Cycles per Burst (Fragmentation)"/>
  <field-definition name="Date (Fragmentation)"/>
  <field-definition name="Duration (s) (Fragmentation)"/>
  <field-definition name="Duty Cycle (%) (Fragmentation)"/>
  <field-definition name="Fragmentation Technician"/>
  <field-definition name="Intensity (W) (Fragmentation)"/>
  <field-definition name="Library Date"/>
  <field-definition name="Library Kit Lot"/>
  <field-definition name="Library Kit Name"/>
  <field-definition name="Library Technician"/>
  <field-definition name="Lot Ampure Beads"/>
  <field-definition name="Mode (Fragmentation)"/>
  <field-definition name="Shear Date"/>
  <field-definition name="Shear Technitian"/>
  <field-definition name="Target Size (bp) (Fragmentation)"/>
  <field-definition name="Temperature (C) (Fragmentation)"/>
  <field-definition name="Y-dithering (Fragmentation)"/>
  <field-definition name="gDNA Input quantity (ng)"/>
  <parameter name="0. Auto Next">
    <string> bash -l -c "/opt/gls/clarity/bin/java -jar /opt/gls/clarity/extensions/ngs-common/v5/EPP/ngs-extensions.jar -i {stepURI:v2:http} -u {username} -p {password} script:evaluateDynamicExpression -t false -h false -exp 'nextStep = ::ADVANCE::' -log {compoundOutputFileLuid0}"</string>
    <run-program-per-event>false</run-program-per-event>
    <channel>limsserver</channel>
    <invocation-type>PostProcess</invocation-type>
  </parameter>
  <parameter name="1. Print plate barcodes">
    <string>bash -c "/usr/bin/python3.5  /opt/gls/clarity/customextensions/Common/create_barcodes_csv.py   -stepURI_v2={stepURI:v2}   -user={username} -psw={password}  &gt; /opt/gls/clarity/ai/temp/barcodes_tmp.csv  &amp;&amp;   /usr/bin/python3.5 /opt/gls/clarity/customextensions/print_zebra_test_3_am.py  /opt/gls/clarity/ai/temp/barcodes_tmp.csv &gt;  /opt/gls/clarity/ai/temp/barcodes_print_output.txt  " 
</string>
    <run-program-per-event>false</run-program-per-event>
    <channel>limsserver</channel>
    <invocation-type>PostProcess</invocation-type>
  </parameter>
  <parameter name="Copy Data from Last step">
    <string>bash -l -c "/opt/gls/clarity/bin/java -jar /opt/gls/clarity/extensions/ngs-common/v5/EPP/ngs-extensions.jar -i {stepURI:v2:http} -u {username} -p {password} script:evaluateDynamicExpression -t false -h false -exp 'output.::Sample Tag:: =input.::Sample Tag:: '  -logFileName {processLuid}_log.html  "</string>
    <run-program-per-event>false</run-program-per-event>
    <channel>limsserver</channel>
    <invocation-type>PostProcess</invocation-type>
  </parameter>
  <process-input>
    <artifact-type>Analyte</artifact-type>
    <display-name>Analyte</display-name>
    <remove-working-flag>true</remove-working-flag>
  </process-input>
  <process-output>
    <artifact-type>Analyte</artifact-type>
    <display-name>Analyte</display-name>
    <output-generation-type>PerInput</output-generation-type>
    <variability-type>VariableByInput</variability-type>
    <output-name>{InputItemName}-{AppliedReagentLabels}</output-name>
    <assign-working-flag>true</assign-working-flag>
  </process-output>
  <process-type-attribute name="AddReagentsImmediately">true</process-type-attribute>
  <process-type-attribute name="ConsumeVolume">true</process-type-attribute>
  <process-type-attribute name="ContextCode">PCR</process-type-attribute>
  <process-type-attribute name="DefaultPlacementPattern">Place samples vertically</process-type-attribute>
  <process-type-attribute name="DefaultSort">ROW</process-type-attribute>
  <process-type-attribute name="DisplaceInputs">false</process-type-attribute>
  <process-type-attribute name="Enabled">true</process-type-attribute>
  <process-type-attribute name="Family">AddMultipleReagents</process-type-attribute>
  <process-type-attribute name="IconConstant">DIGEST</process-type-attribute>
  <process-type-attribute name="ModifyInputOutput">None</process-type-attribute>
  <process-type-attribute name="OnlyEnableDoneAtLastPanel">true</process-type-attribute>
  <process-type-attribute name="OpenPostProcess">false</process-type-attribute>
  <process-type-attribute name="OutputContainerType">96 well plate</process-type-attribute>
  <process-type-attribute name="OutputContextCode">LA</process-type-attribute>
  <process-type-attribute name="OutputSorting">Input container and placement</process-type-attribute>
  <process-type-attribute name="ProcessGroup"/>
  <process-type-attribute name="ProcessTabView">Use the default display</process-type-attribute>
  <process-type-attribute name="QCAdjustmentType">None</process-type-attribute>
  <process-type-attribute name="ReagentType">N7</process-type-attribute>
  <process-type-attribute name="ReagentVolume">1.0</process-type-attribute>
  <process-type-attribute name="ShowInButtonBar">false</process-type-attribute>
  <process-type-attribute name="ShowInExplorer">false</process-type-attribute>
  <process-type-attribute name="SkipInputPanel">true</process-type-attribute>
  <process-type-attribute name="SupportsExternalProgram">true</process-type-attribute>
  <process-type-attribute name="VolumeAdjustmentType">None</process-type-attribute>
  <process-type-attribute name="WorkspaceColumns">12</process-type-attribute>
  <process-type-attribute name="WorkspaceRows">8</process-type-attribute>
</ptp:process-type>
<ptp:process-type xmlns:ptp="http://genologics.com/ri/processtype" name="Sample Normalization Robot">
  <field-definition name="9th plate offset"/>
  <field-definition name="Concentration from"/>
  <field-definition name="Controls"/>
  <field-definition name="Destination Concentration (ng/ul)"/>
  <field-definition name="Destination Volume (ul)"/>
  <field-definition name="KapaTag Cycle"/>
  <field-definition name="KapaTag Randomization Method"/>
  <field-definition name="Quantity (ng)"/>
  <field-definition name="Target"/>
  <field-definition name="Threshold, ng/ul"/>
  <field-definition name="VolCtrl"/>
  <parameter name="0. Print barcodes">
    <string>bash -c "/usr/bin/python3.5  /opt/gls/clarity/customextensions/Common/create_barcodes_csv.py   -stepURI_v2={stepURI:v2}   -user={username} -psw={password}  &gt; /opt/gls/clarity/ai/temp/barcodes_tmp.csv  &amp;&amp;   /usr/bin/python3.5 /opt/gls/clarity/customextensions/print_zebra_test_3_am.py  /opt/gls/clarity/ai/temp/barcodes_tmp.csv &gt;  /opt/gls/clarity/ai/temp/barcodes_print_output.txt  " 
</string>
    <run-program-per-event>false</run-program-per-event>
    <channel>limsserver</channel>
    <invocation-type>PostProcess</invocation-type>
  </parameter>
  <parameter name="1. Normalize samples">
    <string>bash -c -l "/usr/bin/python3.5 /opt/gls/clarity/customextensions/Common/concentration_normalization_sorted_robot.py   -stepURI_v2={stepURI:v2}   -user_psw={username}:{password}  -ar=Analyte  -ComponentLuids='{compoundOutputFileLuids}'   &gt; {compoundOutputFileLuid0}_for_robot.csv"</string>
    <run-program-per-event>false</run-program-per-event>
    <channel>limsserver</channel>
    <invocation-type>PostProcess</invocation-type>
  </parameter>
  <parameter name="2. Generate KapaTag file for robot">
    <string>bash -c -l "/usr/bin/python3.5 /opt/gls/clarity/customextensions/Common/generate_kapatag_csv_file.py -u {username} -p {password} -s {stepURI:v2}  -t /opt/gls/clarity/customextensions/Templates/20161118_96_Spike_in_Tags.csv &gt; {compoundOutputFileLuid4}_kapatag_for_robot.csv"</string>
    <run-program-per-event>false</run-program-per-event>
    <channel>limsserver</channel>
    <invocation-type>PostProcess</invocation-type>
  </parameter>
  <parameter name="2. Route samples">
    <string>bash -l -c "/opt/gls/clarity/bin/java -jar /opt/gls/clarity/extensions/ngs-common/v5/EPP/ngs-extensions.jar -i {stepURI:v2:http} -u {username} -p {password} script:evaluateDynamicExpression -t true -h false -exp 'nextStep = ::ADVANCE::'  -log {compoundOutputFileLuid2}"</string>
    <run-program-per-event>false</run-program-per-event>
    <channel>limsserver</channel>
    <invocation-type>PostProcess</invocation-type>
  </parameter>
  <parameter name="3. Route by python">
    <string>bash -c "/usr/bin/python /opt/gls/clarity/customextensions/Common/route_by_template.py -u {username} -p {password} -s {stepURI:v2} -r 'Go To Next Step,False,Affymetrix Axiom Genotyping McGill 1.0,DNA Amplification McGill 1.1\nGo To Next Step,True,Sample Normalization,Sample Normalization Extra Plate' -l {compoundOutputFileLuid0}"</string>
    <run-program-per-event>false</run-program-per-event>
    <channel>limsserver</channel>
    <invocation-type>PostProcess</invocation-type>
  </parameter>
  <parameter name="AutoPlacement">
    <string>/usr/bin/python /opt/gls/clarity/customextensions/Common/autoplaceSamplesDefaultMulti.py -l {processLuid} -u {username} -p {password} -s {stepURI:v2}</string>
    <run-program-per-event>false</run-program-per-event>
    <channel>limsserver</channel>
    <invocation-type>PostProcess</invocation-type>
  </parameter>
  <parameter name="Control Placement with LeftOver">
    <string>bash -c -l "/usr/bin/python /opt/gls/clarity/customextensions/Common/autoplace_controls_leftover.py  -u {username} -p {password} -s {stepURI:v2} --placementtemplate /opt/gls/clarity/ai/temp/norm_template.csv --containertype '96 well plate'  &gt; /opt/gls/clarity/ai/temp/sample_normalization_log.txt"</string>
    <run-program-per-event>false</run-program-per-event>
    <channel>limsserver</channel>
    <invocation-type>PostProcess</invocation-type>
  </parameter>
  <parameter name="Copy KapaTag Cycle">
    <string>bash -c -l "/usr/bin/python3.5  /opt/gls/clarity/customextensions/Common/kapatag_cycle_update.py  -s {stepURI:v2}   -u {username} -p {password} -a read" </string>
    <run-program-per-event>false</run-program-per-event>
    <channel>limsserver</channel>
    <invocation-type>PostProcess</invocation-type>
  </parameter>
  <parameter name="Update KapaTag Cycle">
    <string>bash -c -l "/usr/bin/python3.5  /opt/gls/clarity/customextensions/Common/kapatag_cycle_update.py  -s {stepURI:v2}   -u {username} -p {password} -a update" </string>
    <run-program-per-event>false</run-program-per-event>
    <channel>limsserver</channel>
    <invocation-type>PostProcess</invocation-type>
  </parameter>
  <process-input>
    <artifact-type>Analyte</artifact-type>
    <display-name>Analyte</display-name>
    <remove-working-flag>false</remove-working-flag>
  </process-input>
  <process-output>
    <artifact-type>Analyte</artifact-type>
    <display-name>Analyte</display-name>
    <output-generation-type>PerInput</output-generation-type>
    <variability-type>VariableByInput</variability-type>
    <output-name>{InputItemName}</output-name>
    <field-definition name="Pooling Group"/>
    <field-definition name="Go To Next Step"/>
    <assign-working-flag>true</assign-working-flag>
  </process-output>
  <process-output>
    <artifact-type>ResultFile</artifact-type>
    <display-name>ResultFile</display-name>
    <output-generation-type>PerAllInputs</output-generation-type>
    <variability-type>Fixed</variability-type>
    <number-of-outputs>5</number-of-outputs>
    <output-name>{LIST:CSV file for robot,Log file,CSV mapping file,CSV file for manual,KapaTag CSV file for robot }</output-name>
  </process-output>
  <process-type-attribute name="ConsumeVolume">true</process-type-attribute>
  <process-type-attribute name="ContextCode">SAM</process-type-attribute>
  <process-type-attribute name="DefaultPlacementPattern">Place samples horizontally</process-type-attribute>
  <process-type-attribute name="Enabled">true</process-type-attribute>
  <process-type-attribute name="Family">Configured</process-type-attribute>
  <process-type-attribute name="IconConstant">LEAF</process-type-attribute>
  <process-type-attribute name="InheritsQC">false</process-type-attribute>
  <process-type-attribute name="ModifyInputOutput">All</process-type-attribute>
  <process-type-attribute name="OnlyEnableDoneAtLastPanel">false</process-type-attribute>
  <process-type-attribute name="OpenPostProcess">false</process-type-attribute>
  <process-type-attribute name="OutputContextCode">SA</process-type-attribute>
  <process-type-attribute name="OutputSorting">Input LIMS ID</process-type-attribute>
  <process-type-attribute name="ProcessGroup">Configured Processes</process-type-attribute>
  <process-type-attribute name="ProcessTabView">Use the default display</process-type-attribute>
  <process-type-attribute name="QCAdjustmentType">None</process-type-attribute>
  <process-type-attribute name="ShowInButtonBar">false</process-type-attribute>
  <process-type-attribute name="ShowInExplorer">false</process-type-attribute>
  <process-type-attribute name="SkipInputPanel">false</process-type-attribute>
  <process-type-attribute name="SupportsExternalProgram">true</process-type-attribute>
  <process-type-attribute name="VolumeAdjustmentType">None</process-type-attribute>
</ptp:process-type>
	</ProcessTypes>
	<ProcessTypeUDFs>
<cnf:field xmlns:cnf="http://genologics.com/ri/configuration" type="String">
  <name>Criteria 1 - Source Data Field</name>
  <attach-to-name>DNA Samples QC</attach-to-name>
  <show-in-lablink>true</show-in-lablink>
  <allow-non-preset-values>false</allow-non-preset-values>
  <first-preset-is-default-value>false</first-preset-is-default-value>
  <is-editable>true</is-editable>
  <preset>Concentration</preset>
  <preset>Conc. Units</preset>
  <is-required>false</is-required>
  <attach-to-category>ProcessType</attach-to-category>
</cnf:field>
<cnf:field xmlns:cnf="http://genologics.com/ri/configuration" type="String">
  <name>Criteria 1 - Operator</name>
  <attach-to-name>DNA Samples QC</attach-to-name>
  <show-in-lablink>true</show-in-lablink>
  <allow-non-preset-values>false</allow-non-preset-values>
  <first-preset-is-default-value>false</first-preset-is-default-value>
  <is-editable>true</is-editable>
  <preset>&gt;=</preset>
  <preset>&lt;=</preset>
  <preset>=</preset>
  <preset>!=</preset>
  <is-required>false</is-required>
  <attach-to-category>ProcessType</attach-to-category>
</cnf:field>
<cnf:field xmlns:cnf="http://genologics.com/ri/configuration" type="Numeric">
  <name>Criteria 1 - Threshold Value</name>
  <attach-to-name>DNA Samples QC</attach-to-name>
  <precision>2</precision>
  <show-in-lablink>true</show-in-lablink>
  <allow-non-preset-values>true</allow-non-preset-values>
  <first-preset-is-default-value>false</first-preset-is-default-value>
  <is-editable>true</is-editable>
  <is-required>false</is-required>
  <attach-to-category>ProcessType</attach-to-category>
</cnf:field>
<cnf:field xmlns:cnf="http://genologics.com/ri/configuration" type="String">
  <name>Criteria 2 - Source Data Field</name>
  <attach-to-name>DNA Samples QC</attach-to-name>
  <show-in-lablink>true</show-in-lablink>
  <allow-non-preset-values>false</allow-non-preset-values>
  <first-preset-is-default-value>false</first-preset-is-default-value>
  <is-editable>true</is-editable>
  <preset>Concentration</preset>
  <preset>Conc. Units</preset>
  <is-required>false</is-required>
  <attach-to-category>ProcessType</attach-to-category>
</cnf:field>
<cnf:field xmlns:cnf="http://genologics.com/ri/configuration" type="String">
  <name>Criteria 2 - Operator</name>
  <attach-to-name>DNA Samples QC</attach-to-name>
  <show-in-lablink>true</show-in-lablink>
  <allow-non-preset-values>false</allow-non-preset-values>
  <first-preset-is-default-value>false</first-preset-is-default-value>
  <is-editable>true</is-editable>
  <preset>&gt;=</preset>
  <preset>&lt;=</preset>
  <preset>=</preset>
  <preset>!=</preset>
  <is-required>false</is-required>
  <attach-to-category>ProcessType</attach-to-category>
</cnf:field>
<cnf:field xmlns:cnf="http://genologics.com/ri/configuration" type="Numeric">
  <name>Criteria 2 - Threshold Value</name>
  <attach-to-name>DNA Samples QC</attach-to-name>
  <precision>2</precision>
  <show-in-lablink>true</show-in-lablink>
  <allow-non-preset-values>true</allow-non-preset-values>
  <first-preset-is-default-value>false</first-preset-is-default-value>
  <is-editable>true</is-editable>
  <is-required>false</is-required>
  <attach-to-category>ProcessType</attach-to-category>
</cnf:field>
<cnf:field xmlns:cnf="http://genologics.com/ri/configuration" type="Numeric">
  <name>Concentration Threshold (ng/uL)</name>
  <attach-to-name>DNA Samples QC</attach-to-name>
  <precision>2</precision>
  <show-in-lablink>true</show-in-lablink>
  <allow-non-preset-values>true</allow-non-preset-values>
  <first-preset-is-default-value>true</first-preset-is-default-value>
  <is-editable>true</is-editable>
  <preset>7</preset>
  <is-required>false</is-required>
  <attach-to-category>ProcessType</attach-to-category>
</cnf:field>
<cnf:field xmlns:cnf="http://genologics.com/ri/configuration" type="String">
  <name>gDNA Input quantity (ng)</name>
  <attach-to-name>PCR-free</attach-to-name>
  <show-in-lablink>true</show-in-lablink>
  <allow-non-preset-values>true</allow-non-preset-values>
  <first-preset-is-default-value>false</first-preset-is-default-value>
  <is-editable>true</is-editable>
  <preset>400</preset>
  <is-required>true</is-required>
  <attach-to-category>ProcessType</attach-to-category>
</cnf:field>
<cnf:field xmlns:cnf="http://genologics.com/ri/configuration" type="Date">
  <name>Library Date</name>
  <attach-to-name>PCR-free</attach-to-name>
  <show-in-lablink>true</show-in-lablink>
  <allow-non-preset-values>true</allow-non-preset-values>
  <first-preset-is-default-value>false</first-preset-is-default-value>
  <is-editable>true</is-editable>
  <is-required>true</is-required>
  <attach-to-category>ProcessType</attach-to-category>
</cnf:field>
<cnf:field xmlns:cnf="http://genologics.com/ri/configuration" type="String">
  <name>Library Kit Name</name>
  <attach-to-name>PCR-free</attach-to-name>
  <show-in-lablink>true</show-in-lablink>
  <allow-non-preset-values>true</allow-non-preset-values>
  <first-preset-is-default-value>true</first-preset-is-default-value>
  <is-editable>true</is-editable>
  <preset>NxSeq AmpFREE Low DNA Library Kit</preset>
  <is-required>false</is-required>
  <attach-to-category>ProcessType</attach-to-category>
</cnf:field>
<cnf:field xmlns:cnf="http://genologics.com/ri/configuration" type="String">
  <name>Library Kit Lot</name>
  <attach-to-name>PCR-free</attach-to-name>
  <show-in-lablink>true</show-in-lablink>
  <allow-non-preset-values>true</allow-non-preset-values>
  <first-preset-is-default-value>false</first-preset-is-default-value>
  <is-editable>true</is-editable>
  <is-required>false</is-required>
  <attach-to-category>ProcessType</attach-to-category>
</cnf:field>
<cnf:field xmlns:cnf="http://genologics.com/ri/configuration" type="String">
  <name>Library Technician</name>
  <attach-to-name>PCR-free</attach-to-name>
  <show-in-lablink>true</show-in-lablink>
  <allow-non-preset-values>true</allow-non-preset-values>
  <first-preset-is-default-value>false</first-preset-is-default-value>
  <is-editable>true</is-editable>
  <preset>Janick St-Cyr</preset>
  <preset>Tony Tyr</preset>
  <preset>Patrick Willett</preset>
  <preset>Antoine Paccard</preset>
  <is-required>false</is-required>
  <attach-to-category>ProcessType</attach-to-category>
</cnf:field>
<cnf:field xmlns:cnf="http://genologics.com/ri/configuration" type="Date">
  <name>Shear Date</name>
  <attach-to-name>PCR-free</attach-to-name>
  <show-in-lablink>true</show-in-lablink>
  <allow-non-preset-values>true</allow-non-preset-values>
  <first-preset-is-default-value>false</first-preset-is-default-value>
  <is-editable>true</is-editable>
  <is-required>false</is-required>
  <attach-to-category>ProcessType</attach-to-category>
</cnf:field>
<cnf:field xmlns:cnf="http://genologics.com/ri/configuration" type="String">
  <name>Ampure Post-Shear</name>
  <attach-to-name>PCR-free</attach-to-name>
  <show-in-lablink>true</show-in-lablink>
  <allow-non-preset-values>true</allow-non-preset-values>
  <first-preset-is-default-value>false</first-preset-is-default-value>
  <is-editable>true</is-editable>
  <preset>0.8x</preset>
  <is-required>false</is-required>
  <attach-to-category>ProcessType</attach-to-category>
</cnf:field>
<cnf:field xmlns:cnf="http://genologics.com/ri/configuration" type="String">
  <name>Lot Ampure Beads</name>
  <attach-to-name>PCR-free</attach-to-name>
  <show-in-lablink>true</show-in-lablink>
  <allow-non-preset-values>true</allow-non-preset-values>
  <first-preset-is-default-value>false</first-preset-is-default-value>
  <is-editable>true</is-editable>
  <is-required>false</is-required>
  <attach-to-category>ProcessType</attach-to-category>
</cnf:field>
<cnf:field xmlns:cnf="http://genologics.com/ri/configuration" type="String">
  <name>Ampure Final Size Selection</name>
  <attach-to-name>PCR-free</attach-to-name>
  <show-in-lablink>true</show-in-lablink>
  <allow-non-preset-values>true</allow-non-preset-values>
  <first-preset-is-default-value>true</first-preset-is-default-value>
  <is-editable>true</is-editable>
  <preset>1x</preset>
  <is-required>false</is-required>
  <attach-to-category>ProcessType</attach-to-category>
</cnf:field>
<cnf:field xmlns:cnf="http://genologics.com/ri/configuration" type="Date">
  <name>Date (Fragmentation)</name>
  <attach-to-name>PCR-free</attach-to-name>
  <show-in-lablink>true</show-in-lablink>
  <allow-non-preset-values>true</allow-non-preset-values>
  <first-preset-is-default-value>false</first-preset-is-default-value>
  <is-editable>true</is-editable>
  <is-required>false</is-required>
  <attach-to-category>ProcessType</attach-to-category>
</cnf:field>
<cnf:field xmlns:cnf="http://genologics.com/ri/configuration" type="String">
  <name>Cycles per Burst (Fragmentation)</name>
  <attach-to-name>PCR-free</attach-to-name>
  <show-in-lablink>true</show-in-lablink>
  <allow-non-preset-values>true</allow-non-preset-values>
  <first-preset-is-default-value>true</first-preset-is-default-value>
  <is-editable>true</is-editable>
  <preset>1000</preset>
  <is-required>false</is-required>
  <attach-to-category>ProcessType</attach-to-category>
</cnf:field>
<cnf:field xmlns:cnf="http://genologics.com/ri/configuration" type="String">
  <name>Duration (s) (Fragmentation)</name>
  <attach-to-name>PCR-free</attach-to-name>
  <show-in-lablink>true</show-in-lablink>
  <allow-non-preset-values>true</allow-non-preset-values>
  <first-preset-is-default-value>true</first-preset-is-default-value>
  <is-editable>true</is-editable>
  <preset>49</preset>
  <is-required>false</is-required>
  <attach-to-category>ProcessType</attach-to-category>
</cnf:field>
<cnf:field xmlns:cnf="http://genologics.com/ri/configuration" type="String">
  <name>Duty Cycle (%) (Fragmentation)</name>
  <attach-to-name>PCR-free</attach-to-name>
  <show-in-lablink>true</show-in-lablink>
  <allow-non-preset-values>true</allow-non-preset-values>
  <first-preset-is-default-value>true</first-preset-is-default-value>
  <is-editable>true</is-editable>
  <preset>20</preset>
  <is-required>false</is-required>
  <attach-to-category>ProcessType</attach-to-category>
</cnf:field>
<cnf:field xmlns:cnf="http://genologics.com/ri/configuration" type="Numeric">
  <name>Intensity (W) (Fragmentation)</name>
  <attach-to-name>PCR-free</attach-to-name>
  <precision>0</precision>
  <show-in-lablink>true</show-in-lablink>
  <allow-non-preset-values>true</allow-non-preset-values>
  <first-preset-is-default-value>true</first-preset-is-default-value>
  <is-editable>true</is-editable>
  <preset>75</preset>
  <is-required>false</is-required>
  <attach-to-category>ProcessType</attach-to-category>
</cnf:field>
<cnf:field xmlns:cnf="http://genologics.com/ri/configuration" type="String">
  <name>Mode (Fragmentation)</name>
  <attach-to-name>PCR-free</attach-to-name>
  <show-in-lablink>true</show-in-lablink>
  <allow-non-preset-values>true</allow-non-preset-values>
  <first-preset-is-default-value>true</first-preset-is-default-value>
  <is-editable>true</is-editable>
  <preset>Frequency Sweeping</preset>
  <is-required>false</is-required>
  <attach-to-category>ProcessType</attach-to-category>
</cnf:field>
<cnf:field xmlns:cnf="http://genologics.com/ri/configuration" type="Numeric">
  <name>Temperature (C) (Fragmentation)</name>
  <attach-to-name>PCR-free</attach-to-name>
  <precision>2</precision>
  <show-in-lablink>true</show-in-lablink>
  <allow-non-preset-values>true</allow-non-preset-values>
  <first-preset-is-default-value>true</first-preset-is-default-value>
  <is-editable>true</is-editable>
  <preset>6.2</preset>
  <is-required>false</is-required>
  <attach-to-category>ProcessType</attach-to-category>
</cnf:field>
<cnf:field xmlns:cnf="http://genologics.com/ri/configuration" type="String">
  <name>Target Size (bp) (Fragmentation)</name>
  <attach-to-name>PCR-free</attach-to-name>
  <show-in-lablink>true</show-in-lablink>
  <allow-non-preset-values>true</allow-non-preset-values>
  <first-preset-is-default-value>true</first-preset-is-default-value>
  <is-editable>true</is-editable>
  <preset>300</preset>
  <is-required>false</is-required>
  <attach-to-category>ProcessType</attach-to-category>
</cnf:field>
<cnf:field xmlns:cnf="http://genologics.com/ri/configuration" type="String">
  <name>Y-dithering (Fragmentation)</name>
  <attach-to-name>PCR-free</attach-to-name>
  <show-in-lablink>true</show-in-lablink>
  <allow-non-preset-values>true</allow-non-preset-values>
  <first-preset-is-default-value>true</first-preset-is-default-value>
  <is-editable>true</is-editable>
  <preset>0.5mm at 10mm/s</preset>
  <is-required>false</is-required>
  <attach-to-category>ProcessType</attach-to-category>
</cnf:field>
<cnf:field xmlns:cnf="http://genologics.com/ri/configuration" type="String">
  <name>Fragmentation Technician</name>
  <attach-to-name>PCR-free</attach-to-name>
  <show-in-lablink>true</show-in-lablink>
  <allow-non-preset-values>true</allow-non-preset-values>
  <first-preset-is-default-value>false</first-preset-is-default-value>
  <is-editable>true</is-editable>
  <preset>Janick St-Cyr</preset>
  <preset>Tony Tyr</preset>
  <preset>Patrick Willett</preset>
  <preset>Antoine Paccard</preset>
  <is-required>false</is-required>
  <attach-to-category>ProcessType</attach-to-category>
</cnf:field>
<cnf:field xmlns:cnf="http://genologics.com/ri/configuration" type="String">
  <name>Shear Technitian</name>
  <attach-to-name>PCR-free</attach-to-name>
  <show-in-lablink>true</show-in-lablink>
  <allow-non-preset-values>true</allow-non-preset-values>
  <first-preset-is-default-value>false</first-preset-is-default-value>
  <is-editable>true</is-editable>
  <preset>Janick St-Cyr</preset>
  <preset>Tony Tyr</preset>
  <preset>Patrick Willett</preset>
  <preset>Antoine Paccard</preset>
  <is-required>false</is-required>
  <attach-to-category>ProcessType</attach-to-category>
</cnf:field>
<cnf:field xmlns:cnf="http://genologics.com/ri/configuration" type="String">
  <name>Concentration from</name>
  <attach-to-name>Sample Normalization Robot</attach-to-name>
  <show-in-lablink>true</show-in-lablink>
  <allow-non-preset-values>true</allow-non-preset-values>
  <first-preset-is-default-value>true</first-preset-is-default-value>
  <is-editable>true</is-editable>
  <preset>Last Protocol</preset>
  <preset>Submitted Sample</preset>
  <is-required>false</is-required>
  <attach-to-category>ProcessType</attach-to-category>
</cnf:field>
<cnf:field xmlns:cnf="http://genologics.com/ri/configuration" type="String">
  <name>Target</name>
  <attach-to-name>Sample Normalization Robot</attach-to-name>
  <show-in-lablink>true</show-in-lablink>
  <allow-non-preset-values>true</allow-non-preset-values>
  <first-preset-is-default-value>true</first-preset-is-default-value>
  <is-editable>true</is-editable>
  <preset>Concentration</preset>
  <preset>Quantity</preset>
  <is-required>false</is-required>
  <attach-to-category>ProcessType</attach-to-category>
</cnf:field>
<cnf:field xmlns:cnf="http://genologics.com/ri/configuration" type="Numeric">
  <name>Destination Concentration (ng/ul)</name>
  <attach-to-name>Sample Normalization Robot</attach-to-name>
  <precision>1</precision>
  <show-in-lablink>true</show-in-lablink>
  <allow-non-preset-values>true</allow-non-preset-values>
  <first-preset-is-default-value>true</first-preset-is-default-value>
  <is-editable>true</is-editable>
  <preset>20</preset>
  <preset>100</preset>
  <is-required>false</is-required>
  <attach-to-category>ProcessType</attach-to-category>
</cnf:field>
<cnf:field xmlns:cnf="http://genologics.com/ri/configuration" type="Numeric">
  <name>Destination Volume (ul)</name>
  <attach-to-name>Sample Normalization Robot</attach-to-name>
  <precision>2</precision>
  <show-in-lablink>true</show-in-lablink>
  <allow-non-preset-values>true</allow-non-preset-values>
  <first-preset-is-default-value>true</first-preset-is-default-value>
  <is-editable>true</is-editable>
  <preset>20</preset>
  <is-required>true</is-required>
  <attach-to-category>ProcessType</attach-to-category>
</cnf:field>
<cnf:field xmlns:cnf="http://genologics.com/ri/configuration" type="String">
  <name>Quantity (ng)</name>
  <attach-to-name>Sample Normalization Robot</attach-to-name>
  <show-in-lablink>true</show-in-lablink>
  <allow-non-preset-values>true</allow-non-preset-values>
  <first-preset-is-default-value>true</first-preset-is-default-value>
  <is-editable>true</is-editable>
  <preset>400</preset>
  <preset>1000</preset>
  <is-required>false</is-required>
  <attach-to-category>ProcessType</attach-to-category>
</cnf:field>
<cnf:field xmlns:cnf="http://genologics.com/ri/configuration" type="String">
  <name>9th plate offset</name>
  <attach-to-name>Sample Normalization Robot</attach-to-name>
  <show-in-lablink>true</show-in-lablink>
  <allow-non-preset-values>false</allow-non-preset-values>
  <first-preset-is-default-value>true</first-preset-is-default-value>
  <is-editable>false</is-editable>
  <preset>A:1</preset>
  <is-required>false</is-required>
  <attach-to-category>ProcessType</attach-to-category>
</cnf:field>
<cnf:field xmlns:cnf="http://genologics.com/ri/configuration" type="String">
  <name>Controls</name>
  <attach-to-name>Sample Normalization Robot</attach-to-name>
  <show-in-lablink>true</show-in-lablink>
  <allow-non-preset-values>false</allow-non-preset-values>
  <first-preset-is-default-value>true</first-preset-is-default-value>
  <is-editable>false</is-editable>
  <preset>4 - Affymetrix</preset>
  <is-required>false</is-required>
  <attach-to-category>ProcessType</attach-to-category>
</cnf:field>
<cnf:field xmlns:cnf="http://genologics.com/ri/configuration" type="String">
  <name>Threshold, ng/ul</name>
  <attach-to-name>Sample Normalization Robot</attach-to-name>
  <show-in-lablink>true</show-in-lablink>
  <allow-non-preset-values>true</allow-non-preset-values>
  <first-preset-is-default-value>true</first-preset-is-default-value>
  <is-editable>true</is-editable>
  <preset>7</preset>
  <is-required>false</is-required>
  <attach-to-category>ProcessType</attach-to-category>
</cnf:field>
<cnf:field xmlns:cnf="http://genologics.com/ri/configuration" type="Numeric">
  <name>VolCtrl</name>
  <attach-to-name>Sample Normalization Robot</attach-to-name>
  <precision>2</precision>
  <show-in-lablink>true</show-in-lablink>
  <allow-non-preset-values>true</allow-non-preset-values>
  <first-preset-is-default-value>true</first-preset-is-default-value>
  <is-editable>true</is-editable>
  <preset>5.8</preset>
  <is-required>false</is-required>
  <attach-to-category>ProcessType</attach-to-category>
</cnf:field>
<cnf:field xmlns:cnf="http://genologics.com/ri/configuration" type="Numeric">
  <name>KapaTag Cycle</name>
  <attach-to-name>Sample Normalization Robot</attach-to-name>
  <precision>0</precision>
  <show-in-lablink>true</show-in-lablink>
  <allow-non-preset-values>true</allow-non-preset-values>
  <first-preset-is-default-value>false</first-preset-is-default-value>
  <is-editable>false</is-editable>
  <is-required>false</is-required>
  <attach-to-category>ProcessType</attach-to-category>
</cnf:field>
<cnf:field xmlns:cnf="http://genologics.com/ri/configuration" type="String">
  <name>KapaTag Randomization Method</name>
  <attach-to-name>Sample Normalization Robot</attach-to-name>
  <show-in-lablink>true</show-in-lablink>
  <allow-non-preset-values>false</allow-non-preset-values>
  <first-preset-is-default-value>true</first-preset-is-default-value>
  <is-editable>true</is-editable>
  <preset>Cycle Shift</preset>
  <preset>Random</preset>
  <is-required>false</is-required>
  <attach-to-category>ProcessType</attach-to-category>
</cnf:field>
	</ProcessTypeUDFs>
	<ProcessTemplates>
<ptm:process-template xmlns:ptm="http://genologics.com/ri/processtemplate">
  <name>Concentration</name>
  <type>Sample Normalization Robot</type>
  <udf:field xmlns:udf="http://genologics.com/ri/userdefined" type="String" name="Concentration from">Last Protocol</udf:field>
  <udf:field xmlns:udf="http://genologics.com/ri/userdefined" type="Numeric" name="Destination Concentration (ng/ul)">20</udf:field>
  <udf:field xmlns:udf="http://genologics.com/ri/userdefined" type="Numeric" name="Destination Volume (ul)">20</udf:field>
  <udf:field xmlns:udf="http://genologics.com/ri/userdefined" type="String" name="Target">Concentration</udf:field>
  <udf:field xmlns:udf="http://genologics.com/ri/userdefined" type="String" name="Threshold, ng/ul">7</udf:field>
  <is-default>false</is-default>
</ptm:process-template>
<ptm:process-template xmlns:ptm="http://genologics.com/ri/processtemplate">
  <name>Quantity</name>
  <type>Sample Normalization Robot</type>
  <udf:field xmlns:udf="http://genologics.com/ri/userdefined" type="String" name="Concentration from">Last Protocol</udf:field>
  <udf:field xmlns:udf="http://genologics.com/ri/userdefined" type="Numeric" name="Destination Volume (ul)">20</udf:field>
  <udf:field xmlns:udf="http://genologics.com/ri/userdefined" type="String" name="Quantity (ng)">400</udf:field>
  <udf:field xmlns:udf="http://genologics.com/ri/userdefined" type="String" name="Target">Quantity</udf:field>
  <udf:field xmlns:udf="http://genologics.com/ri/userdefined" type="String" name="Threshold, ng/ul">7</udf:field>
  <is-default>false</is-default>
</ptm:process-template>
	</ProcessTemplates>
	<Protocols>
<protcnf:protocol xmlns:protcnf="http://genologics.com/ri/protocolconfiguration" index="51" name="PCR-free">
  <steps>
    <step name="DNA Samples QC">
      <protocol-step-index>1</protocol-step-index>
      <process-type>DNA Samples QC</process-type>
      <permitted-containers>
        <container-type>96 well plate</container-type>
      </permitted-containers>
      <permitted-reagent-categories/>
      <required-reagent-kits/>
      <permitted-control-types/>
      <transitions>
        <transition sequence="2" name="Sample Normalization Robot"/>
      </transitions>
      <default-grouping>containerGroup</default-grouping>
      <queue-fields>
        <queue-field detail="false" style="BUILT_IN" attach-to="Analyte" name="Sample Name"/>
        <queue-field detail="false" style="BUILT_IN" attach-to="Container" name="Well"/>
        <queue-field detail="false" style="BUILT_IN" attach-to="Container" name="Container Name"/>
        <queue-field detail="true" style="BUILT_IN" attach-to="Project" name="Project Name"/>
        <queue-field detail="true" style="BUILT_IN" attach-to="Container" name="LIMS ID (Container)"/>
        <queue-field detail="false" style="BUILT_IN" attach-to="Analyte" name="Waiting"/>
      </queue-fields>
      <step-fields>
        <step-field style="USER_DEFINED" attach-to="ConfiguredProcess" name="Concentration Threshold (ng/uL)"/>
      </step-fields>
      <sample-fields>
        <sample-field style="BUILT_IN" attach-to="Analyte" name="Sample Name"/>
        <sample-field style="USER_DEFINED" attach-to="Analyte" name="Concentration"/>
        <sample-field style="USER_DEFINED" attach-to="Analyte" name="Conc. Units"/>
        <sample-field style="BUILT_IN" attach-to="Container" name="Container Name"/>
        <sample-field style="BUILT_IN" attach-to="Container" name="Well"/>
        <sample-field style="BUILT_IN" attach-to="Container" name="LIMS ID (Container)"/>
        <sample-field style="BUILT_IN" attach-to="Project" name="Project Name"/>
      </sample-fields>
      <step-properties>
        <step-property value="true" name="qcProtocolStep"/>
        <step-property value="true" name="qcWithPlacement"/>
        <step-property value="false" name="eSignatureRequired"/>
        <step-property value="false" name="measurementWithFile"/>
        <step-property value="false" name="eppLocksNextSteps"/>
        <step-property value="false" name="autoStartNextStep"/>
        <step-property value="row" name="multiwellSortOrder"/>
        <step-property value="" name="stepDetailsHeading"/>
        <step-property value="" name="sampleDetailsHeading"/>
        <step-property value="true" name="expandContainerGroupsCheckBox"/>
        <step-property value="false" name="arrangeFieldsHorizontally"/>
      </step-properties>
      <epp-triggers>
        <epp-trigger type="UNUSED" name="0.Print barcodes"/>
        <epp-trigger type="UNUSED" name="2.Apply quantified values"/>
        <epp-trigger type="MANUAL" name="2.Assign Concentration from Submitted Samples"/>
        <epp-trigger type="MANUAL" name="3.Assign QC flags"/>
        <epp-trigger status="PLACEMENT" point="BEFORE" type="AUTOMATIC" name="4. Tubes AutoPlacement"/>
      </epp-triggers>
    </step>
    <step name="Sample Normalization Robot">
      <protocol-step-index>2</protocol-step-index>
      <process-type>Sample Normalization Robot</process-type>
      <permitted-containers>
        <container-type>96 well plate</container-type>
      </permitted-containers>
      <permitted-reagent-categories/>
      <required-reagent-kits/>
      <permitted-control-types/>
      <transitions>
        <transition sequence="3" name="PCR-free"/>
      </transitions>
      <default-grouping>containerGroup</default-grouping>
      <queue-fields>
        <queue-field detail="false" style="BUILT_IN" attach-to="Analyte" name="Sample Name"/>
        <queue-field detail="false" style="BUILT_IN" attach-to="Container" name="Well"/>
        <queue-field detail="false" style="BUILT_IN" attach-to="Container" name="Container Name"/>
        <queue-field detail="true" style="BUILT_IN" attach-to="Project" name="Project Name"/>
        <queue-field detail="true" style="BUILT_IN" attach-to="Container" name="LIMS ID (Container)"/>
        <queue-field detail="false" style="BUILT_IN" attach-to="Analyte" name="Waiting"/>
      </queue-fields>
      <step-fields>
        <step-field style="USER_DEFINED" attach-to="ConfiguredProcess" name="Concentration from"/>
        <step-field style="USER_DEFINED" attach-to="ConfiguredProcess" name="Quantity (ng)"/>
        <step-field style="USER_DEFINED" attach-to="ConfiguredProcess" name="Destination Concentration (ng/ul)"/>
        <step-field style="USER_DEFINED" attach-to="ConfiguredProcess" name="Target"/>
        <step-field style="USER_DEFINED" attach-to="ConfiguredProcess" name="Destination Volume (ul)"/>
        <step-field style="USER_DEFINED" attach-to="ConfiguredProcess" name="VolCtrl"/>
        <step-field style="USER_DEFINED" attach-to="ConfiguredProcess" name="KapaTag Cycle"/>
      </step-fields>
      <sample-fields>
        <sample-field style="BUILT_IN" attach-to="Analyte" name="Sample Name"/>
        <sample-field style="BUILT_IN" attach-to="Container" name="Container Name"/>
        <sample-field style="BUILT_IN" attach-to="Container" name="Well"/>
        <sample-field style="USER_DEFINED" attach-to="Analyte" name="Sample Tag"/>
        <sample-field style="BUILT_IN" attach-to="Container" name="LIMS ID (Container)"/>
        <sample-field style="BUILT_IN" attach-to="Project" name="Project Name"/>
      </sample-fields>
      <step-properties>
        <step-property value="Quantity" name="defaultProcessTemplate"/>
        <step-property value="false" name="qcProtocolStep"/>
        <step-property value="true" name="qcWithPlacement"/>
        <step-property value="false" name="eSignatureRequired"/>
        <step-property value="false" name="measurementWithFile"/>
        <step-property value="false" name="eppLocksNextSteps"/>
        <step-property value="false" name="autoStartNextStep"/>
        <step-property value="row" name="multiwellSortOrder"/>
        <step-property value="" name="stepDetailsHeading"/>
        <step-property value="" name="sampleDetailsHeading"/>
        <step-property value="true" name="expandContainerGroupsCheckBox"/>
        <step-property value="true" name="arrangeFieldsHorizontally"/>
      </step-properties>
      <epp-triggers>
        <epp-trigger type="MANUAL" name="0. Print barcodes"/>
        <epp-trigger type="MANUAL" name="1. Normalize samples"/>
        <epp-trigger type="MANUAL" name="2. Generate KapaTag file for robot"/>
        <epp-trigger type="UNUSED" name="2. Route samples"/>
        <epp-trigger type="UNUSED" name="3. Route by python"/>
        <epp-trigger type="UNUSED" name="AutoPlacement"/>
        <epp-trigger type="UNUSED" name="Control Placement with LeftOver"/>
        <epp-trigger status="RECORD_DETAILS" point="BEFORE" type="AUTOMATIC" name="Copy KapaTag Cycle"/>
        <epp-trigger status="COMPLETE" point="BEFORE" type="AUTOMATIC" name="Update KapaTag Cycle"/>
      </epp-triggers>
    </step>
    <step name="PCR-free">
      <protocol-step-index>3</protocol-step-index>
      <process-type>PCR-free</process-type>
      <permitted-containers>
        <container-type>96 well plate</container-type>
        <container-type>Tube</container-type>
      </permitted-containers>
      <permitted-reagent-categories>
        <reagent-category>IDT UDI UMI</reagent-category>
      </permitted-reagent-categories>
      <required-reagent-kits>
        <reagent-kit name="AMPure XP Beads PROD"/>
        <reagent-kit name="NxSeq AmpFREE Low DNA Library Kit"/>
      </required-reagent-kits>
      <permitted-control-types/>
      <transitions/>
      <default-grouping>containerGroup</default-grouping>
      <queue-fields>
        <queue-field detail="false" style="BUILT_IN" attach-to="Analyte" name="Sample Name"/>
        <queue-field detail="false" style="BUILT_IN" attach-to="Container" name="Well"/>
        <queue-field detail="false" style="BUILT_IN" attach-to="Container" name="Container Name"/>
        <queue-field detail="true" style="BUILT_IN" attach-to="Project" name="Project Name"/>
        <queue-field detail="true" style="BUILT_IN" attach-to="Container" name="LIMS ID (Container)"/>
        <queue-field detail="false" style="BUILT_IN" attach-to="Analyte" name="Waiting"/>
      </queue-fields>
      <step-fields>
        <step-field style="USER_DEFINED" attach-to="AddMultipleReagents" name="gDNA Input quantity (ng)"/>
        <step-field style="USER_DEFINED" attach-to="AddMultipleReagents" name="Library Date"/>
        <step-field style="USER_DEFINED" attach-to="AddMultipleReagents" name="Library Technician"/>
        <step-field style="USER_DEFINED" attach-to="AddMultipleReagents" name="Library Kit Name"/>
        <step-field style="USER_DEFINED" attach-to="AddMultipleReagents" name="Library Kit Lot"/>
        <step-field style="USER_DEFINED" attach-to="AddMultipleReagents" name="Shear Technitian"/>
        <step-field style="USER_DEFINED" attach-to="AddMultipleReagents" name="Date (Fragmentation)"/>
        <step-field style="USER_DEFINED" attach-to="AddMultipleReagents" name="Fragmentation Technician"/>
        <step-field style="USER_DEFINED" attach-to="AddMultipleReagents" name="Duty Cycle (%) (Fragmentation)"/>
        <step-field style="USER_DEFINED" attach-to="AddMultipleReagents" name="Intensity (W) (Fragmentation)"/>
        <step-field style="USER_DEFINED" attach-to="AddMultipleReagents" name="Cycles per Burst (Fragmentation)"/>
        <step-field style="USER_DEFINED" attach-to="AddMultipleReagents" name="Duration (s) (Fragmentation)"/>
        <step-field style="USER_DEFINED" attach-to="AddMultipleReagents" name="Mode (Fragmentation)"/>
        <step-field style="USER_DEFINED" attach-to="AddMultipleReagents" name="Temperature (C) (Fragmentation)"/>
        <step-field style="USER_DEFINED" attach-to="AddMultipleReagents" name="Target Size (bp) (Fragmentation)"/>
        <step-field style="USER_DEFINED" attach-to="AddMultipleReagents" name="Y-dithering (Fragmentation)"/>
        <step-field style="USER_DEFINED" attach-to="AddMultipleReagents" name="Lot Ampure Beads"/>
        <step-field style="USER_DEFINED" attach-to="AddMultipleReagents" name="Ampure Final Size Selection"/>
        <step-field style="USER_DEFINED" attach-to="AddMultipleReagents" name="Ampure Post-Shear"/>
      </step-fields>
      <sample-fields>
        <sample-field style="BUILT_IN" attach-to="Analyte" name="Sample Name"/>
        <sample-field style="BUILT_IN" attach-to="Container" name="Container Name"/>
        <sample-field style="BUILT_IN" attach-to="Container" name="Well"/>
        <sample-field style="USER_DEFINED" attach-to="Analyte" name="Library Volume (ul)"/>
        <sample-field style="USER_DEFINED" attach-to="Analyte" name="Sample Tag"/>
        <sample-field style="USER_DEFINED" attach-to="Analyte" name="Billing String"/>
        <sample-field style="BUILT_IN" attach-to="Container" name="LIMS ID (Container)"/>
        <sample-field style="BUILT_IN" attach-to="Project" name="Project Name"/>
      </sample-fields>
      <step-properties>
        <step-property value="false" name="qcProtocolStep"/>
        <step-property value="false" name="qcWithPlacement"/>
        <step-property value="false" name="eSignatureRequired"/>
        <step-property value="false" name="measurementWithFile"/>
        <step-property value="false" name="eppLocksNextSteps"/>
        <step-property value="false" name="autoStartNextStep"/>
        <step-property value="row" name="multiwellSortOrder"/>
        <step-property value="" name="stepDetailsHeading"/>
        <step-property value="" name="sampleDetailsHeading"/>
        <step-property value="true" name="expandContainerGroupsCheckBox"/>
        <step-property value="false" name="arrangeFieldsHorizontally"/>
      </step-properties>
      <epp-triggers>
        <epp-trigger type="UNUSED" name="0. Auto Next"/>
        <epp-trigger type="MANUAL" name="1. Print plate barcodes"/>
        <epp-trigger status="RECORD_DETAILS" point="BEFORE" type="AUTOMATIC" name="Copy Data from Last step"/>
      </epp-triggers>
    </step>
  </steps>
  <protocol-properties>
    <protocol-property value="false" name="hidden"/>
    <protocol-property value="0" name="capacity"/>
    <protocol-property value="libraryPrep" name="type"/>
  </protocol-properties>
</protcnf:protocol>
	</Protocols>
</config>
